mid,content,star,time
5010507734452616,"苹果 我谢谢你！！！ 耗电贼快不说 卡爆了 隔三岔五更新 更卡  啥都不支持 啥也不是！！！
mate60pro啥时候有货啊
#华为pocket 2发布#
#华为发布会#
#苹果#",赞,12分钟前
5009772187485802,"3.24坐等华为p70por发布
#华为发布会#
#华为#",赞,03月08日 21:57
5009713771057634,"W9（2.26-3.3）
1. 蓝厂 17.0%（薇12.6%，酷4.4%）
2. 华系 16.2%（华子14.4%，智选1.8%）
3. 黑系 16.1%（黑厂12.7%，佳2.1%，我1.3%）
4. 果子 15.7%
5. 耀子 15.5%
5. 阿粮 15.5%
7. 其他 4.1%
转载案内人
#汽车#
#汽车资讯#
#华为发布会#
#华为#
#手机#
#手机摄影#",赞,03月08日 18:05
5008951278568817,"#华为发布会#
问界M9同级最大转向角，满配十屏，32英寸车内巨幕，具备拖车资质了解一下
#问界M9满配十屏#",赞,03月06日 15:35
5008870847810548,"#华为发布会#
这个月会发布GT4 Pro吗？",1,03月06日 10:15
5008844453578411,"确实现在折弯真的改进很多，体验确认提升不少。
#华为发布会#
#华为#
#汽车资讯#
#汽车#",赞,03月06日 08:30
5008720600240590,#华为发布会#,4376,03月06日 00:18
5008672823182393,"#今年前6周iphone在华销量下降24%#
#苹果或推出更高端iphone#
#苹果夺2023年全球智能手机市场第一#
#苹果再成为中国最大智能手机商#
#苹果公司#
#苹果#
#国产手机#
#苹果降价销量猛增#
#华为发布会#
#荣耀手机#
要不是体验iphone还真被网友忽悠了，今天用了破国产都是什么玩意。荣耀手机就是地沟油，音质差。屏幕颗粒，续航也就是电老虎，国产手机就是实打实的忽悠之王的垃圾场货，比苹果差远了。。不是一个档次，以后有钱必须买iphone
收起
d",赞,03月05日 21:08
5007997283862361,"问界M9的32英寸巨幕投影仪，这尺寸，这清晰度，你们觉得如何 C科技的微博视频
#问界m9价格#
#华为发布会#",赞,03月04日 00:24
5007932022588340,"#荣耀手机#
#苹果#
#华为发布会#
#苹果或推出更高端iphone#
#苹果再成为中国最大智能手机商#
#国产手机#
#iphone16#
#苹果公司#
开源系统鸿蒙和安卓现在再好逃不过，软件崩溃的路上。这就是苹果无论卡顿慢快都不会出现系统崩溃现象，哪怕硬件最强的三星也是不如苹果的",赞,03月03日 20:05
5007923965331244,"#苹果vision pro#
#苹果visionpro供不应求#
#苹果#
#苹果头显退货率为1%#
#华为公司#
#荣耀手机#
#华为发布会#
能把头显做的最高境界也是只有苹果和三星，随着三星还在研发，凭着三星顶级的屏幕一定成为最清晰的头显，国产那些厂商想追再追个10年去吧，之前体验华为的vr眼镜，体验真的还不如爱奇艺头显。华为产品太次了根本上不了台面！华为公司现在做的低调本分做产品，不要整天幻想和苹果三星这样高级电子公司对比，不要出去到处耀武扬威。也不要想着三天打鱼两天晒网。荣耀也到处给华为为虎作伥。华为荣耀猴子摘玉米都是一场空，啥也干不好！把产品做好才是硬道理，有苹果和三星技术才可以市场上有话语权，吹再多那些话都是虚的。靠着老百姓情怀没有完全用处…
收起
d",赞,03月03日 19:32
5007886830274560,"#华为发布会#

#华为手机#

#华为终端新品#
华为垃圾，不要买华为宗教产品",18,03月03日 17:05
5007554042401240,"尊贵的华为 pocket2 你好👋
用了一天感觉不错 上次用华为还是 Mate 40Pro 的时候 这次使用感比上次好很多
#华为pocket#
#华为发布会#",3,03月02日 19:03
5007511641917662,"#美学豫见折学
#华为Pocket 2发布
#华为发布会#",赞,03月02日 16:14
5007489206845535,"最近华为发布新手机，竖式折叠屏Pocket 2 。首先声明我并不针对华为，对于折叠类的电子产品，我有严重的心理阴影，源于很多年前我的第一部笔记本电脑，那时候我对折叠式电子产品没有戒心，加上我本身就是严重的网瘾，除了睡着了的时间以外，我基本上都是在网上的，几年下来我的第一部笔记本电脑几乎散架了，那时候的中国制造也不够成熟，而且还发热严重，让我对折叠式电子产品有了严重的心理阴影。在我买第二部笔记本电脑的时候，我基本上多数时候是不关闭的，所以才免去了类似的问题。然而手机的折叠屏你不可能不关闭，不经常使用的人可能问题也不大，问题在于现代人对于手机的依赖程度很大，使用率很高，所以很难预料这种折叠屏手机能使用多少年。OPPO去年也发行过类似的折叠屏手机，我清楚地记得是舒淇代言的，但截至发稿前，这款手机已经在官网停止销售了，估计是市场反映问题太多。自从将近30年前开始有手机以来，由于市场竞争的关系，各大厂商为了争夺市场，主导大屏幕和折叠屏反复流行，由于现在的手机内容众多，我还是看好大屏幕手机，起码视野宽阔而且耐用！
#手机#

华为超话
#华为#
#华为nova12#
#华为发布会#
#oppo#
#oppo find x7#

OPPO超话

#数码#

#数码资讯#

#数码宝贝#

#科技#

#科技快讯#

#科技风向标#

收起
d",赞,03月02日 14:45
5007288236246167,"问界 M9价格出来了 问一嘴，选问界M9还是理想L9
#华为发布会#",赞,03月02日 01:26
5006832166766814,"华为公主姚安娜电视剧演得是一坨💩，
#姚安娜现身华为发布会#
#华为发布会#",1,02月29日 19:14
5006721347227206,"华为折叠手机～
大地溪灰色真的香，小小一个，开合很顺滑，很有辨识度。
集科技、美学和高级感于一身，外壳是浮雕珍珠的光泽感。
#大地溪灰#
#华为pocket2#

华为超话
#华为#
#华为发布会#

2
丽水·华为授权服务中心(丽水银泰城)",3,02月29日 11:54
5006501341040739,"#余承东称问界m7缺点是价格太低#
#苹果宣布放弃造车业务#
#雷军称苹果用户买小米汽车是最好选择#
#华为公司#
#华为发布会#
#余承东#
借用那英的金句，最烦装逼的人。就余承东和雷军这天天鸟不拉屎的人。看着就烦！别以为自己戴个墨镜装大哥。其实你们这两个狗能力不如库克的一半的能力。人家库克没有创新也能把科技巨头公司利润拿下第一，你能忙？华为小米连100强都赶不上。还喜欢装逼，真恶心吧啦的。能力差的人吹什么牛逼就是屎粪味。
收起
d",赞,02月28日 21:19
5006488720381328,"臻于细节，锻造艺术典藏。
#华为pocket2#

#华为手机#

#手机#

#华为发布会#

#华为#

#mate60遥遥领先#

#数码资讯#

#数码#

#手机#",7728,02月28日 20:29
5006488546313980,"遥遥领先
#数码资讯#

#华为手机#

#华为发布会#

#华为pocket2#

#华为#

#手机#

#mate60遥遥领先#

#数码#",4672,02月28日 20:29
5006459677704751,"2024华为中国数字能源伙伴大会：
大时代、大合作、大共赢，
共赢智算未来，数字有为
#深圳身边事#
#深圳#
#深圳生活#
#深圳爆料#
#华为#
#华为发布会#
#华为数字能源高峰论坛#

华为数字能源超话
#晚宴#
#光遇宴会节#

2
深圳",赞,02月28日 18:34
5006395173241972,"#华为发布会#
其实孟晚舟年轻的时候好漂亮清纯啊。我旁边还有男生说欣赏不了她的颜。人家贵州山沟沟出来都这么牛批了。",赞,02月28日 14:18
5006013698671365,"英特尔系统级代工焕新 释放什么信号？
#华为发布会#
#百年大计 教育为本#
#科技兴国,专利护航#",赞,02月27日 13:02
5005950356292543,"英伟达将华为认定为“最大竞争对手”，反映出全球AI技术芯片的竞争格局变化。英伟达报告首次提及华为等中国科技公司，同时因美国出口限制措施无法将先进芯片出口到中国。报道指中国公司开始减少对美技术依赖。（澎湃新闻）
#华为发布会#
#英伟达#",1,02月27日 08:50
5005405849388861,"曝华为p70再次“捅破天”，3月将全球首发全新卫星通信方案
# 华为手机 #
华为p70
# 华为发布会 #
华为",3,02月25日 20:46
5005274524162961,"#苹果降价销量猛增#
#国产手机#
#华为手机#
#华为mate60#
#iphone16pro高清渲染图#
#iphone16#
#苹果再成为中国最大智能手机商#
#苹果#
#苹果夺2023年全球智能手机市场第一#
#华为垃圾#
#华为发布会#
#华为超苹果成为q4中国平板出货量第一#
#苹果或推出更高端iphone#
#余承东#
哈哈。华为连前十排行榜都到不了，利润还下跌了📉。苹果公司确实网络倒闭，现实利润大涨。华为这都55了。不到苹果公司三分一。我是真不知道那些邪教粉丝是怎么把苹果黑上全球第最强公司。苹果越黑越赚钱，华为越追捧越拉胯。华为现实要倒闭，网络上超越苹果！
收起
d",赞,02月25日 12:05
5005141231796646,"问界M9的前排可以折叠向前，二排开启零重力模式之后会有接近两米的空间，舒适度遥遥领先
#问界M9发布华为十大黑科技#
#华为发布会#",赞,02月25日 03:15
5005109807024014,"#问界M9价格#
增程 Max 版 46
98 万元 纯电 Max 版 50
98 万元 增程 Ultra 版 52
98 万元 纯电 Ultra 版 56
98 万元 这个价格怎么说感觉跟理想 L9 错位开了
#华为发布会#
#差评说车#",赞,02月25日 01:10
5005002579906375,"#苹果再成为中国最大智能手机商#
#华为终端新品#
#华为手机#
#华为垃圾#
#余承东称问界m7缺点是价格太低#
#华为公司#
#苹果#
#余承东称华为熬过了最困难的寒冬#
#华为问界m9及冬季全场景发布会#
#余承东#
#华为发布会#
一个连情怀都没有还在朋友圈怼？这是什么样的产品经理？一点人情世故都没有当什么消费者业务主管？虽然余承东带领华为抵抗美国制裁活了下来，但是，这种幼稚的做法，互相互怼这不就是未成年一样？作为一个成年人都不知道收敛这个还有什么值得赞扬的，余承东带领的华为只不过就是“活死尸”公司，虽然活过来了但是一个傻大粗公司。余承东毫无和任何任正非一样的格局。一个人天天得罪同行。这个人再强也是没有灵魂的。未来华为的发展不会很好。只不过就是一时变强了，心变坏了，玩心眼了，这样的公司产品我不想支持
收起
d",赞,02月24日 18:04
5004993309973668,"#这才是真正的民族企业#
#国产手机#
#华为垃圾#
#华为手机#
#华为公司#
#小米公司#
#小米手机销量暴涨38%登顶国产第一#
#华为mate60#
#余承东称问界m7缺点是价格太低#
#华为超苹果成为q4中国平板出货量第一#
#iphone16pro#
#苹果或推出更高端iphone#
#苹果公司#
#iphone16或垂直排列摄像头#
#iPhone16Pro高清渲染图#
#华为发布会#
#三星电子#
#华为多款手机遭遇重启门#
#苹果再成为中国最大智能手机商#
#华为mate60pro#
#华为终端新品#
任正非的十几年基业被余承东就这么毁了。虽然今年妹他60手机火爆销售，可是华为变了味了，在余承东创造下，我闻到了一股子屎尿味。太恶臭了！！不会选择华为产品。小米公司终究以后取代华为成为中国栋梁企业。一家没有素质的企业，你有再多自主研发终究就是个屁。企业素养比你创作千千万万的产品还有重要，你做人都做不好。你创作再好的产品都是鱼腥味！我肯定不会选择这样的品牌产品用，选择品牌不光是他的产品好坏,他的品牌企业也是看中的一项，华为开始玩心眼。宁愿买在产品不改进的iphone也不买一个没有素养的华为公司
收起
d",赞,02月24日 17:27
5004989489481052,"#济公游本昌#
#游本昌之后世间再无济公#
#华为手机#
#华为公司#
#国产手机#
#华为发布会#
#余承东#
#余承东称问界m7缺点是价格太低#
#苹果或推出更高端iphone#
#华为mate60#
#iphone16pro渲染图曝光#
#余承东称华为熬过了最困难的寒冬#
#华为垃圾#
#华为问界m9及冬季全场景发布会#
#中国古代文学史#
#古代故事#
借用游本昌演的济公有个故事就是《醉官图》来抨击一下华为，醉官图的意思就是有个书生一直想考取官员，济公就帮助这个书生到达愿望。这个书生达到自己的愿望好忘记了济公曾经帮他，一步一步做了一个贪官。这个故事就是太像现在的华为公司，最困难的时候老百姓大力支持华为，等华为度过美国制裁后，华为忘却了消费者大力支持，我现在宁愿支持小米我也不会支持华为宗教这种忘本的品牌。华为就像醉官图一样早晚有一天为自己曾经忘了自己的愿望变得一无所有，济公帮助这位书生，最后变成了什么？华为就和这个书生一样忘记了一个企业的初心。
收起
d",赞,02月24日 17:12
5004980681180226,"姚安娜主演的「猎冰」，其实也是人文艺术与市场销售相结合的一个经典的案例，其实现在的互联网时代，企业很需要专门立项来研究人文艺术与销售的关系。由于姚安娜主演的「猎冰」上演，让任正非与华为再次冲上热搜，在各大社交媒体被广泛讨论，为华为系列产品节省了几个亿的广告费，当然华为作为中国知名的品牌，也许对这个几个亿广告费无所谓，但是对于其他品牌来说，这种机会是非常求之不得的。妹妹在帮助华为争流量促销；姐姐负责收钱，管理财务，其实也是天作之合的组合。对于姚安娜来说，既是兴趣爱好，又能帮助自己家族的企业，一箭双雕，何乐而不为？至于那些对姚安娜表演吹毛求疵的人，我想说的是任何一个家族的兴旺不是一代人的努力的结果，而是共同努力，持续坚持奋斗的结果。而且姚安娜并没有按照任正非指定的路线走，而按自己的兴趣走自己的路，拿出作品来说话，找到自己的价值，比起那些蹭别人流量的网红来说，她还算是踏实的。

华为超话
#华为#
#华为nova12#
#华为发布会#
#电视剧大赏#
#电影#

电影超话
#姚安娜#

#娱乐#

#娱乐综艺#

#娱乐影像力#

收起
d",1,02月24日 16:37
5004964982949404,"//
@properly之见
:
#华为发布会#",1381,02月24日 15:35
5004964969056914,"//
@是否·你在
:
#华为发布会#",289,02月24日 15:34
5004964615424117,"//
@大大泡沫子
:
#华为发布会#",5059,02月24日 15:33
5004964613328504,"#这才是真正的民族企业#
#苹果或推出更高端iphone#
#国产手机#
#华为超苹果成为q4中国平板出货量第一#
#华为手机#
#华为发布会#
#华为发布会#
#华为mate60#
#库克不希望用户过度沉浸iphone#
#华为公司#
#余承东称问界m7缺点是价格太低#
为啥连美国自己家用户吐槽自家国产品牌还在用？美国用户对苹果产品已经不满意为何还在继续用？这就是这个问题反馈。这也说明一个问题，不好的地方大家都是真实反馈出来，华为的所谓的遥遥领先是什么？是自我封神自我陶醉这种极端的出来评价华为真的领先忙？就跟看病一样的道理。所有病人感觉自己的身体良好，找不来问题怎么治疗？用户就是真实反馈问题所在再能努力进步。华为的进步在哪里？自我吹嘘一通这叫领先忙？口号领先忙？不是我打击华为，这样的华为已经不是为民所向的华为。是一家吸血公司。因为大家都把真实反馈都给了苹果公司，这样的苹果公司才是努力进步。苹果公司这样一家全球第一公司都低调做人，华为为啥不能？
收起
d",赞,02月24日 15:33
5004960265934819,"#这才是真正的民族企业#
#苹果或推出更高端iphone#
#苹果公司#
#国产手机#
#华为超苹果成为q4中国平板出货量第一#
#华为手机#
#华为mate60#
#华为发布会#
#iphone16或垂直排列摄像头#
#iphone16pro渲染图曝光#
#iphone16pro#
一开始乔布斯就知道库克不是一个创新能力的人，但是，库克能稳住市场确实也是个强人。这就已经很直白的说库克本身不是一个做产品的材料，原谅库克的产品能力，他不行，但是他的商业能力的确爆表！没有必要处处夺人，得饶人处且饶人。他只是一个赚钱商人。喜欢用就用，不喜欢就不用这是任正非说的话。为何处处逼人？有些人实在吃饱撑得。
收起
d",赞,02月24日 15:16
5004955063157440,"#这才是真正的民族企业#
#国产手机#
#华为超苹果成为q4中国平板出货量第一#
#华为发布会#
#苹果或推出更高端iphone#
#华为争气黑科技产品上新#
一个目中没法律的华为高管。之后要为自己的狂妄自大付出代价。就算是遥遥领先又如何？技术先进就可以为所欲为？任正非把业务主管交给余承东这样狂妄的人早晚就完蛋。任正非的一手好的公司就这样给你大嘴这样的自嗨人物
收起
d",赞,02月24日 14:55
5004951928967133,"#这才是真正的民族企业#
#国产手机#
#华为超苹果成为q4中国平板出货量第一#
#华为手机#
#华为mate60#
#华为公司#
#华为发布会#
土鳖商业佬与顶级美模，余承东这个这乡村土巴佬是怎么上镜的？简直不匹配。大嘴一歪，丑出天际！看谁也不想余承东这歪嘴猴。",赞,02月24日 14:43
5004950201436086,"#这才是真正的民族企业#
#苹果公司#
#国产手机#
#华为手机#
#华为mate60#
#华为超苹果成为q4中国平板出货量第一#
#华为发布会#
#苹果或推出更高端iphone#
这只鼠就是一个不论不类东西。好比华为产品创作出产品如同这只不知道的什么鼠。奇丑无比。华为产品我是从来就不想去拥有他，触摸他的产品就是脏兮兮的。华为产品太“脏了。
收起
d",赞,02月24日 14:36
5004843380376680,"
庄达菲超话
｜
#庄达菲贰拾叁行至春山自由烂漫#

【0223 “王师傅摆龙门阵”小🍠相关更新】
简简单单吃个席😀
最右有惊喜！！
#华为#
#华为Pocket2#
#华为发布会#
#余承东#
#庄达菲#
#王安宇#

@庄达菲要一直努力",51,02月24日 07:31
5004716656296850,"#证监会发布会#
#华为发布会#
下周看华为大模型概念",5,02月23日 23:08
5004684979342327,"进军测评博主


华为超话
#华为pocket2首发向日葵通信技术#

#华为pocket2#
#华为发布会#

L
_BitBlossom的微博视频",3,02月23日 21:02
5004670955167786,"怎么说，这质量的话华为也别弄什么新品发布会了，2022年11月20日买的mate 50 pro在出保质期后两个月直接在正常使用过程中黑屏，然后无限重启。送检也写了，无损伤私拆情况下cpu短路，这不是质量问题？还是说这个手机只能三包内用一年？自打有了手机还没见过这么离谱的，比苹果的接不起来电话更差劲，直接坏了

华为超话
@华为终端客服

#华为发布会#
#华为pocket2#

收起
d",1,02月23日 20:06
5004645093346725,"#华为nova11系列今日开售#
#nova11晒单#
#易烊千玺 华为发布会#
#易烊千玺华为nova全球代言人#
期待一个好运
@TFBOYS-易烊千玺
中午可以用新手机了
@华为商城

@华为手机

@华为终端
绿色颜值爆表  易烊千玺粉丝晒单
#华为nova11#
#冒个泡#
开售当天手机就
展开全文,
#华为nova11系列今日开售#
#nova11晒单#
#易烊千玺 华为发布会#
#易烊千玺华为nova全球代言人#
期待一个好运
@TFBOYS-易烊千玺
中午可以用新手机了
@华为商城

@华为手机

@华为终端
绿色颜值爆表  易烊千玺粉丝晒单
#华为nova11#
#冒个泡#
开售当天手机就送到了，用了两天感觉棒棒哒，绿色真的很奈斯，又买了绿色手机壳和绿色充电器保护线，一水儿的绿，真的很好看 收起全文
收起
d",赞,02月23日 18:23
5004640909003197,"华为玄武水滴铰链，不知道用久了会怎么样？
#华为发布会#",赞,02月23日 18:07
5004621542329605,"#华为pocket2#
#华为发布会#
换新机了，求的就是与众不同",赞,02月23日 16:50
5004619805626775,"#华为pocket2#
#华为发布会#
新机拿到手，这手感，这花色 ，连茶都更香了",1,02月23日 16:43
5004618549429743,"椰香芒果蛋糕，椰子味的奶油配上芒果味的淋面，新鲜芒果肉配上椰子味的qq 果冻
#芒果#
#不可辜负的美食#
#美食分享#
#好好吃饭#
#拯救不开心#
#带着微博去旅行#
#遇见美好#
#不止旅行#
#随手拍#
#影视剪辑#
#遇见艺术#
#快手#
#bilibili#
#华为#
#抖音#
#华为发布会#

烘焙超话

日常超话

L
Loong龙普通的微博视频",1,02月23日 16:38
5004586614789299,"#华为发布会#
#余承东称华为小折叠像直板机一样平整#
华为新款小折叠 ，正合我意。",1,02月23日 14:31
5004579062421384,"#华为发布会#
华为Pocket 2 折叠虽小，且是首次实现折叠机。不仅手感小巧舒适，配备了最新的铰链技术，加上2米IPX8级抗水性能，突出受众人群和产品定位。华为Pocket 2小折叠 圆润小巧、舒适手感，是我所期待的",2,02月23日 14:01
5004573544814057,"国产最强操作系统！鸿蒙OS升级设备数已达137款！今年将成中国第二大手机系统
#华为发布会#
#华为Pocket2发布#
#数码科技要闻#

L
极果的微博视频",3,02月23日 13:39
5004572869266414,"简单看看华为 Pocket 2 艺术家限定版本
看起来有点像 3D 游戏卡有立体感。
你喜欢吗？

华为超话
#华为pocket2#

#华为发布会#

@华为终端

L
LiNKAiJOE的微博视频

2
深圳·华为智能生活馆·深圳宝安前海壹方城",赞,02月23日 13:36
5004548832496624,"
庄达菲超话

庄达菲｜ 海边大片竟是王安宇拍的
感谢
@庄达菲要一直努力
配戴PEARLONA
危险花园系列-捕蝇草可石形巴洛克珍珠项链
项链叠戴成手链也超级好看～
灰色巴洛克珍珠和银色亮片裙超级搭
优雅又带有一丝酷感～
#庄达菲海边大片竟是王安宇拍的#

没想到这些照片是
@王安宇buss
拍的！
每一张都自带氛围感
老王哥真的有点拍照技能在身上
怎么人人都能在三亚偶遇帅哥美女啊
好羡慕！！！
快点把手机里的原图都发出来啊
对我的眼睛特别好🥰
#庄达菲#
#庄达菲年会不能停#
#向全世界安利庄达菲#
#王安宇#
#陈都灵#
#华为发布会#
#华为#
#美出高级感#
#整个三亚都在偶遇明星#
#三亚偶遇王安宇庄达菲陈都灵#

收起
d",1,02月23日 12:01
5004534918941953,"#华为发布会#
棒",4972,02月23日 11:06
5004534753528727,"#华为发布会#
哇哦",7728,02月23日 11:05
5004531406471661,"
华为超话
华为余承东：今年秋季发布鸿蒙NEXT系统，为华为新旧手机提升30%性能！
#华为#
#华为时尚盛典#
#华为pocket2#
#华为发布会#

L
Why数码的微博视频",1,02月23日 10:52
5004515248704573,#华为发布会#,7728,02月23日 09:47
5004481634502420,#华为发布会#,7728,02月23日 07:34
5004417608712263,#华为发布会#,4972,02月23日 03:19
5004386331787742,"#问界M9发布华为十大黑科技#
#华为发布会#
问界M9独创的猫头鹰增强转向技术，不侵占后排空间，实现了5
8米的最小转弯半径，这么大的车，这么小的转弯半径，太牛了！ 这下再也不用担心全尺寸SUV太大，路太窄不方便掉头了",赞,02月23日 01:15
5004380241920278,"O
HUAWEI pocket2时尚盛典--耀目华彩，优雅登场

#华为发布会#
#华为pocket2#",赞,02月23日 00:51
5004374309079467,"#华为发布会#
忠实粉丝",4972,02月23日 00:27
5004363827513251,"//
@李兰迪Official
:

李兰迪超话

#华为Pocket2#
见证全新科技美学，体验高端瞩目之作。今日，和
@李兰迪
一同走进
#华为发布会#
。",416,02月22日 23:46
5004363742054077,"庄达菲、王安宇、陈都灵出席华为Pocket 2时尚盛典，分享华为Pocket 2全焦段XMAGE四摄带来的真实感自拍、自由创作、科学防晒体验。高精准防晒检测、还原真实美感，一起定格美一面。
离新晋女神庄达菲最近的一次
#华为时尚盛典#
#华为发布会#

2
三亚·三亚财经国际论坛中心",6,02月22日 23:45
5004359870189891,"
华为超话
#华为Pocket2 #
华美登场，全新折叠体验，耀目华彩，优雅登场💃💃我超喜欢大溪地灰，高级又质感📱 大溪地灰、洛可可白、芋紫、雅黑四种颜色，你喜欢哪一个？
#华为发布会#",1018,02月22日 23:30
5004344980145318,"华为这个广告打的真醒目
一拉开窗帘看到
夜空中最亮的星---华为pocket2

华为超话
#华为pocket2#
#华为时尚盛典#
#华为发布会#

L
拍片大导野的微博视频",1,02月22日 22:31
5004344413916531,"华为刚刚发布的华为 Pocket 2，7499元起，艺术定制版10999元，搭载搭载了双向北斗卫星消息功能，背板也用上了昆仑玻璃，这个价格你感觉这么样？华为刚刚发布的华为 Pocket 2，7499元起，艺术定制版10999元，搭载搭载了双向北斗卫星消息功能，背板也用上了昆仑玻璃，这个价格你感觉这么样？
#华为发布会#
#华为时尚盛典#

收起
d",425,02月22日 22:29
5004344036950977,"华为pocket 2算不算闪击小米呢？相比小米14u的长时间预热，pocket2在发布会前几天才放出消息，本以为华为会放弃小折叠路线，因为pockets实在是太拉挎了，如今华为重启小折叠路线，并且还在用户所诟病的折痕上下足了功夫，属实是把热度给拉满了
#华为发布会#
#小米#

小米14Ultra超话
#华为pocket2#

华为超话

收起
d",2,02月22日 22:27
5004343919774100,"折叠虽小，五脏俱全，华为Pocket 2不仅手感小巧舒适，配备了最新的铰链技术，而且在影像能力方面也是不容小觑，强大主摄和超广谱传感器，拍摄的松弛感和氛围感拉满了~
#华为发布会#
#华为时尚盛典#",748,02月22日 22:27
5004333762746526,"#华为发布会#

只能看看，根本买不到",赞,02月22日 21:46
5004323207512355,"冲鸭
#华为发布会#",7728,02月22日 21:04
5004321672925697,"遥遥领先，确实挺时尚，艺术品
#华为发布会#

#华为pocket2#

#数码资讯#

#华为手机#

#华为#

#手机#",7728,02月22日 20:58
5004316687469841,"由于看到陈都灵参加华为新品发布会，搔首弄姿的样子，搞得我用华为我都觉得晦气，过两天换品牌了
#华为发布会#",1,02月22日 20:38
5004316068549374,"来三亚参加华为 pocket2时尚盛典！小巧又时尚的小折叠是旅行游玩中的好搭档！既是轻巧的配饰又是功能强大的手机📱更是自拍起来无压力的便携相机📷现场还有王安宇和陈都灵分享自己与pocket2的使用心得~这么棒的小折叠必须入手！
#华为发布会#
#华为时尚盛典#",1550,02月22日 20:36
5004307896472284,"//
@李兰迪Official
:

李兰迪超话

#华为Pocket2#
见证全新科技美学，体验高端瞩目之作。今日，和
@李兰迪
一同走进
#华为发布会#
。",416,02月22日 20:04
5004303510801555,"余承东称它为1000万以内最好的SUV，问界M9价格公布46
98万元起，这个价格怎么样
#华为发布会#
#问界M9#",赞,02月22日 19:46
5004302347141302,"#新机来了#
华为Pocket 2上手体验，大溪地灰的确很有个性，麒麟9000S、XMAGE影像，7499值不值
#华为发布会#
#华为pocket2每台都独一无二#

L
我是老朴的微博视频",186,02月22日 19:41
5004301736608983,"#华为发布会#
#华为pocket 2发布#
华为Pocket 2快速总结：四大升级、四种配色、一款艺术定制版。
L
科技数码说的微博视频",536,02月22日 19:39
5004300956992647,"看看我
#华为发布会#

#华为pocket2#",7728,02月22日 19:36
5004296170772091,"[拜年]
新一代小折叠旗舰手机
#华为Pocket2#
全能实力，正合我意。
#华为发布会#

#华为#


华为手机超话

华为超话",4972,02月22日 19:17
5004291035106868,"真正的花粉！
#华为发布会#",2,02月22日 18:57
5004290856583325,"卓然之作闪耀于瑰丽会场，
#华为时尚盛典#
于2700平方米的展览厅完美绽现。
#三亚保利瑰丽酒店#

#华为发布会#

#华为pocket2#",103,02月22日 18:56
5004289248330417,"#华为发布会#

华为Pocket 2真的丑
谁是目标人群啊",1,02月22日 18:49
5004288080481238,"你挺幽默的
//
@李兰迪Official
:

李兰迪超话

#华为Pocket2#
见证全新科技美学，体验高端瞩目之作。今日，和
@李兰迪
一同走进
#华为发布会#
。",416,02月22日 18:45
5004287329702938,#华为发布会#,2,02月22日 18:42
5004286199072003,"期待住了
//
@李兰迪Official
:

李兰迪超话

#华为Pocket2#
见证全新科技美学，体验高端瞩目之作。今日，和
@李兰迪
一同走进
#华为发布会#
。",416,02月22日 18:37
5004284297741156,"华为Pocket2真机体验！时尚与科技完美融合，只要7499块的5G小折叠
#华为Pocket2#
#华为Pocket2发布#
#华为发布会#

L
极果的微博视频",赞,02月22日 18:30
5004281354654899,"华为首款5G小折叠屏！华为Pocket2售价7499元起，余承东：信号比友商好1倍！
#华为Pocket2#
#华为Pocket2发布#
#华为发布会#

L
极果的微博视频",赞,02月22日 18:18
5004280659970089,"#华为官宣Pocket2发布会#
#华为发布会#
#数码#
#数码资讯#
我觉得小折叠屏还是更适合女士使用，小巧精致，放包里很省空间，价格7499-8999。男士还是选择大折叠屏更好一些
。",赞,02月22日 18:15
5004278613934454,"华为Pocket 2发布，售价7499元起，首次实现IPX8防水
#华为Pocket2#
#华为Pocket2发布#
#华为发布会#

L
极果的微博视频",赞,02月22日 18:07
5004278014153287,"#华为pocket2#
华为Pocket 2正式发布
喜欢哪个颜色？
#华为时尚盛典#
#华为发布会#",1,02月22日 18:05
5004269740621994,"下午华为 Pocket 2 发布了。委托了朋友帮忙拍了些现场图，看上去很精致啊！
先不看别的参数，这次华为旗舰有的功能都补齐了。防水有了，侧面指纹识别有了，双向卫星消息有了，无线快充也有了。
12+256GB 售价 7499 元
12+512GB 售价 7999 元
12GB+1TB 售价 8999 元
Pocket 2 艺术限定版 16GB+1TB 售价 10999 元
这个价格如何？我是女生我会买的
#华为时尚盛典#
#华为pocket2#
#华为发布会#

2
北京

收起
d",10,02月22日 17:32
5004269378080824,"华为Pocket 2小折叠屏正式发布，这次我觉得华为算是把小折叠的硬件提升到一个新高度了。铰链改进，更平整，防水，无线充电全都加上了。要是屏幕能加上UTG，那几乎可以说是没有短板的小折叠屏，可见华为的工业实力的确很强。
#华为发布会#
#华为Pocket2#

L
暴躁的暴哥的微博视频",赞,02月22日 17:30
5004260108665296,"华为小折叠Pocket 2价格蛮香，比上一代华为 P50 Pocket还便宜1500元，从8G运储存升级为12G运储存，配置还加量升级那么多，已经很不错了，
还升级IP X8防水、双向北卫星通信、支持40w充电，采用第二代昆仑玻璃、X轴性线马达，支持红外遥控功能
售价
12+256：7499
12+512：7999
12+1TB：8999
Art：10999
#华为发布会#
#华为Pocket2大溪地灰#
#华为pocket2#

收起
d",14,02月22日 16:54
5004259801961242,"#华为Pocket2#
#华为发布会#
#华为时尚盛典#

这才是时尚该有的样子， 人、车、移动终端完美了。
2
三亚·三亚财经国际论坛中心",104,02月22日 16:52
5004259562886517,"#小米14Ultra#
今天，两家公司同时开发布会，话题拉满了！一个是影像之王，一个折叠之王！
#小米新品发布会#
#华为发布会#
#折叠屏手机#",赞,02月22日 16:51
5004258849588963,"庄达菲、王安宇、陈都灵
#华为发布会 #
来了好多大明星呀！华为Pocket2更精彩！",62,02月22日 16:49
5004258212578204,"#华为发布首款三倍长焦小折叠#
虽然作为一款小折叠，但华为Pocket 2却具有全焦段XMAGE四摄，5000万像素超感知主摄、3倍光学变焦长焦摄像头，无惧远近。同时，华为Pocket 2搭载第二代超光谱摄像头，结合业界首创超光谱AI融合感知算法，掌间精准检测紫外线，科学护肤，守护每一刻。
#华为Pocket2媲美二十万元检测仪#
#华为Pocket2#
#华为发布会#
#华为时尚盛典#

收起
d",赞,02月22日 16:46
5004257533363041,"庄达菲、王安宇、陈都灵
#华为发布会 #
来了好多大明星呀！华为Pocket2更精彩！",33,02月22日 16:43
5004256731465735,"#华为Pocket2每台都独一无二#
华为小折叠的设计轻薄至美，凝光贝母工艺叠加独特的光学膜层非常独特，在色彩上华为Pocket 2大溪地灰配色神秘优雅，加上洛可可白、芋紫、雅黑共4款配色，时尚巧夺天工。还有诸多手机壳和挂饰配饰可选。华为Pocket 2售价7499元起，艺术定制版10999元。
#华为Pocket2#
#华为发布会#
#华为时尚盛典#

2
三亚·三亚财经国际论坛中心

收起
d",203,02月22日 16:40
5004256396185365,"华为 Pocket 2 刚发布啦，很有艺术感的小折叠屏手机，售价是 7499 元起。这次不止洛可可白，还有一款全新的「大地溪灰」配色，带来了一些冷艳气场。顶配的艺术定制版，也是非常有科技感和神秘感。
特别是对于女性用户来说，Pocket 2 除了外形好看，还支持防晒检测功能，可以说是非常贴心。
另外，这个小小身板有玄武水滴铰链支撑，搭载全焦段 XMAGE 四摄，包括 5000 万像素主摄和 3 倍长焦，处理器是麒麟 9000s，还支持双向北斗卫星消息。能把极致技术塞到一款时尚的小折叠屏手机里，还真是不简单。
这款小折叠有没有让你觉得心动呢？
#华为pocket2#
#华为发布会#

2
三亚

收起
d",7,02月22日 16:39
5004255977542069,"#华为发布会#
#华为Pocket2首发向日葵通信技术#
果然华为的信号就是给力。全能小折叠华为Pocket 2搭载的灵犀通信有一个向日葵信号提升技术，可以大大提升弱信号场景的使用体验。再也不怕地下停车场和电梯里信号弱了，刷视频和打电话都是杠杠的！真的非常实用，爱了。",1308,02月22日 16:37
5004254504291210,"#华为发布会#
华为第二款小折叠Pocket 2，这颜值你们觉得怎么样？起售价7999，艺术定制版10999。",1,02月22日 16:31
5004254064676354,"#华为发布会#
论折叠屏上黑科技，华子也是大哥级别的，不只是大折叠上遥遥领先，小折叠也不遑多让。这次的全能小折叠华为Pocket 2在原本就很强的灵犀通信技术基础上，又基于AI算法开发出能自主学习、选择更优网络，且不受限于手机展开形态的向日葵信号增强技术。
说白了就是：展开状态信号很强、折叠状态下信号依然很强。并且针对比如地铁、电梯、地库等弱信号场景下，网速和信号也得到了再次提升。我以前就经常会遇到地铁刷视频黑屏，或者地库扫码缴费转圈圈的尴尬，现在有了灵犀通信向日葵信号的华为Pocket 2小折叠，怕是再也不会“网络失踪”了~
#华为Pocket2首发向日葵通信技术#

收起
d",111,02月22日 16:30
5004253695578412,"今天的两款热门机之一
#华为Pocket2#
华为、旗舰、折叠，三元素汇一块儿后定价绝对也是国内顶级，7499-8999，还有个艺术版10999。
在我的审美里，这一代艺术版并不算好看，很有立体感但同时也很乱，同为艺术，我觉得P60那个art更称得上。工艺倒是够精湛
其他方面基本就是预料之内的，电池尽可能大，散热尽可能堆，影像保主摄效果，毕竟小折叠，内部真没啥空间可以加码了。
折叠屏，喜欢 您来的产品
#华为发布会#

（图4，副屏是唯一能说服我用无线桌充代替有线的理由了。
收起
d",3,02月22日 16:28
5004253567653940,"#华为发布会#
#华为Pocket2首发向日葵通信技术#
全能小折叠华为 Pocket 2已经登场了，早在海报设计上是就能看出延续Pocket系列的双环设计语言。
不过这次发布会有一个巨大的更新！也就是灵犀通信的向日葵技术，华为Pocket 2在悬停状态下，信号效果会更好，手机整体的通讯也会有更强的信号，这个技术还真的是第一次见。爱了爱了
收起
d",131,02月22日 16:28
5004252426801233,"#华为发布会#
#华为Pocket2首发向日葵通信技术#
话说华为Pocket 2全能小折叠在技术方面提升的还挺多的！小折叠在向日葵通信技术加持下，信号体验满分，直接摆脱卡顿页面转圈圈刷新不出来的问题，即使是在弱信号的场景内，网络信号依旧稳定，不愧是全能小折叠",3194,02月22日 16:23
5004251552025364,"【
#华为Pocket2首发向日葵通信技术#
】 今天，华为正式发布Pocket 2小折叠旗舰，创新性地使用了向日葵电磁场空间叠加技术。据了解，这项技术的革新之处在于，无论用户身处何种场景，无论手机处于何种折叠状态，都能保持稳定可靠的网络连接，90°悬停状态下还能让原本的信号更为流畅，将小折叠手机的信号体验推向了全新的高度。
#华为发布会#

收起
d",35,02月22日 16:20
5004251489112351,"【
#余承东称华为小折叠像直板机一样平整#
华为Pocket 2超平整超可靠】
#华为发布会#
华为Pocket 2通过全新的铰链设计及创新材料的引入，提升小折叠品质。其业界首创的玄武水滴铰链，展开时屏幕极致平整，几乎看不到折痕，且铰链强度和抗跌能力均大幅提升，让用户臻享全能宝盒新体验。",64,02月22日 16:19
5004251401290678,"#华为发布会#

#华为#",4672,02月22日 16:19
5004251274936912,"遥遥领先！！！！！
#华为pocket2#

#华为发布会#",4672,02月22日 16:19
5004250786828600,"#华为发布会#
国货之光又来新动作啦！终于可以见到心心念念的华为Pocket 2
#华为时尚盛典#",19155,02月22日 16:17
5004249952160706,"华为Pocket 2这个艺术定制版真心好看，尤其是这个挎包手机壳，设计的绝了，大爱！但是艺术定制版价格过万了，不知道普通版能不能带这个手机壳……[送福]
#华为发布会#
#华为时尚盛典#",374,02月22日 16:13
5004249128243687,"#华为发布会#
#华为时尚盛典#
一整个期待住！",赞,02月22日 16:10
5004249044353458,"#华为发布会#
玄武水滴铰链、两米IPX8级抗水、全焦段X MAGE四摄、AI云增强技术、超强灵犀通讯……
#华为pocket2#
科技美学与极致体验的完美结合。
2
三亚·三亚财经国际论坛中心",赞,02月22日 16:10
5004248289644137,"华为 Pocket 2详细参数一览：
处理器：麒麟 9000S
屏幕：内屏6.94 英寸，2690 × 1136分辨率，峰值亮度 2200nit，120Hz刷新率，11440Hz 高频 PWM 调光。外屏1.15 英寸 340 × 340 ，60Hz，AOD 常亮显示。
影像：后置 50MP OIS主摄+ 12MP 超广角微距+8MP 直立长焦OIS+2MP 超光谱摄像头。
电池：4520mAh，66W快充，40W无线。
其它：侧边指纹，玄武水滴铰链，瑞声科技 0809 X 轴马达，双向北斗卫星消息，支持2米IPX8 抗水，搭载HarmonyOS 4 系统。
#华为发布会#
#华为时尚盛典#

收起
d",414,02月22日 16:07
5004248249008316,"【
#华为发布会#
#华为Pocket2首发向日葵通信技术#
】华为Pocket 2正式发布，首次推出向日葵电磁场叠加技术，通过对天线布局进行创新重构，无论手机在哪种场景，均能保持良好稳定的网络环境。而且在90°悬停状态下更能带来更强的信号，给本就很好的信号再叠buff，以超强黑科技引领折叠屏信号体验迈向新高峰。
收起
d",20,02月22日 16:07
5004248150969458,"【
#华为发布会#
#余承东称华为小折叠像直板机一样平整#
】22日，华为发布全新小折叠旗舰Pocket 2，该产品凭借业界首创的玄武水滴铰链和独家自研的悬浮式容屏设计，不仅实现了屏幕的极致平整，更在铰链强度和抗跌能力上取得了重大突破。艺术高定版还搭载第二代昆仑玻璃，再加上IPX8级抗水，为用户带来超可靠的用机体验。
收起
d",24,02月22日 16:06
5004248085430423,"【2月22日消息，
#华为Pocket2首发向日葵通信技术#
】
#华为发布会#
上，新品首次搭载向日葵电磁场空间叠加技术，重构天线布局，确保手机在各种场景和折叠状态下都能维持稳定可靠的网络环境，随时随地保障信号畅联无忧，90°悬停状态下信号更佳，进一步革新小折叠手机通信体验。",79,02月22日 16:06
5004247994995407,"华为Pocket2价格：
12+256GB版7499元
12+512GB版7999元
12GB+1TGB版8999元
艺术定制版16GB+1TB售价10999元
定价与上代基本差不多，但是这一代的产品力是真的强，怎么样，冲不冲？
#华为发布会#
#华为时尚盛典#",226,02月22日 16:05
5004247295069210,"#华为时尚盛典#
臻于细节，锻造艺术典藏。图说华为Pocket2卓然之作的隽永之美……
#华为发布会#",赞,02月22日 16:03
5004246850469924,"#华为发布会#
臻于细节，锻造艺术典藏。图说华为Pocket2卓然之作的隽永之美。",赞,02月22日 16:01
5004246720709074,"华为Pocket 2正式发布
喜欢哪个颜色？
#华为pocket 2发布#
#华为发布会#",91,02月22日 16:00
5004246466432701,"#华为发布会#
华为Pocket 2的肯定销量不错这是一定的，但我觉得这个价格确实有点那啥了……没事儿……是我的问题……",2,02月22日 15:59
5004245302510577,"老铁，💧怎么没出现在发布会。。。//
@李兰迪Official
:

李兰迪超话

#华为Pocket2#
见证全新科技美学，体验高端瞩目之作。今日，和
@李兰迪
一同走进
#华为发布会#
。",416,02月22日 15:55
5004245172749016,"#华为发布会#
华为第二款小折叠Pocket 2，这颜值你们觉得怎么样？起售价7999，艺术定制版10999。",赞,02月22日 15:54
5004244844811317,"#华为发布会#
华为第二款小折叠Pocket 2，这颜值你们觉得怎么样？起售价7999，艺术定制版10999。",374,02月22日 15:53
5004244522897740,"有什么活动吗//
@李兰迪Official
:

李兰迪超话

#华为Pocket2#
见证全新科技美学，体验高端瞩目之作。今日，和
@李兰迪
一同走进
#华为发布会#
。",416,02月22日 15:52
5004243934904922,"#华为发布会#
#华为Pocket2每台都独一无二#
这次华为Pocket2真机握持感做的真的不错，大溪地灰配色每一台都是独一无二的;而且华为这次在耐用性上下了不少功夫，防水性和抗跌落都上强度了，推荐大家到时候去线下店摸一摸真机!",2824,02月22日 15:49
5004243776309077,"华为Pocket 2售价：
12+256G 7499元，12+512G 7999元，12+1T 8999元，艺术定制版16+1T 10999元。
玄武水滴铰链，全焦段XMAGE四摄，灵犀通信，双向北斗卫星消息，66W有线快充+40W无线快充等等，配置全面升级。
买么？
#华为pocket 2发布#
#华为发布会#",40,02月22日 15:49
5004243716804656,"#华为发布会#
我就说嘛，有华为Mate X5珠玉在前，二代小折叠肯定也差不了~把P60 Pro的洛可可白配色拿到小折叠上来了，但却是大溪地灰配色的。每一台都是独一无二的，时尚属性up~
这次铰链技术果然有惊喜，提高屏幕平整度的同时结构强度也很出色;华为做小折叠的思路就是在保持高颜值的基础上大大提高竖向小折叠的耐用性，不仅漂亮独特，而且上手手感也很好，我直接整个爱住了!
#华为Pocket2每台都独一无二#

收起
d",2015,02月22日 15:48
5004243530416862,"这…好看吗？
#华为发布会#",赞,02月22日 15:48
5004243505254841,"这次华为Pocket 2走得是高端时尚的风格，握在手上手感真的很棒，颜值很高，3D悬浮设计和每一台都不一样的大溪地灰全能宝盒真的戳中我的心巴了!
恐怕这次又得“剁手”了~
#华为发布会#
#华为Pocket2每台都独一无二#",1425,02月22日 15:48
5004243120951990,"#华为pocket2#
发布啦，课代表给大家画个重点:
这次的配色上面，大溪地灰配色特别显时尚质感，洛可可白是属于独一无二的存在，还有芋紫、雅黑配色，我个人比较推荐大溪地灰色和洛可可白色。哦对，艺术定制版也是一个不错的选择，但是应该不好抢，哈哈
#华为pocket2大溪地灰#

通过打造独有悬浮式容屏设计和玄武水滴铰链，华为Pocket 2的平整度和可靠性就更好了，这点算是小折叠的一大进步之一。
很多女孩子会选择华为Pocket 2，常用的场景之一是拍照，折叠屏虽然小但是配置不小:业界首创全焦段XMAGE四摄，5000万像素超感知主摄、3倍光学变焦长焦摄像头。
同时它还搭载第二代超光谱摄像头，结合业界首创超光谱AI融合感知算法，掌间精准检测紫外线，这在夏天还是很实用的。
现场也请了一些明星体验官，庄达菲、王安宇、陈都灵出席华为Pocket 2时尚盛典，分享他们使用华为Pocket 2全焦段XMAGE四摄的真实感自拍、自由创作、科学防晒体验。
价格7499起，大家觉得怎么样？
#华为发布会#
#华为时尚盛典#

收起
d",22,02月22日 15:46
5004243013206510,"折痕消失术！！
#华为发布会#
#华为时尚盛典#",79,02月22日 15:46
5004242248798879,"#华为发布会#
华为Pocket2
12+256，7499起
艺术定制版，16+1TB，10999元
这价格你们觉得怎么样？",31,02月22日 15:43
5004241570369350,"#华为发布会#
#华为时尚盛典#

华为Pocket 2竖屏折叠手机的发售价7499元起，
16GB+1TB的艺术定制版售价为10999元",61,02月22日 15:40
5004241565909512,"华为Pocket 2在酷安有人测试是搭载麒麟9000S处理器
#华为发布会#
#华为Pocket2大溪地灰#
#华为pocket2#",26,02月22日 15:40
5004241478095381,"华为 Pocket 2 处理器依旧是麒麟 9000S，与华为 Mate 60 系列一致。
CPU：1×2.62GHz 泰山核心 + 3×2.15GHz 泰山核心 + 4×1.53GHz Cortex-A510 小核，GPU：马良 910 750MHz
#华为时尚盛典#
#华为pocket2#
#华为发布会#",131,02月22日 15:40
5004241192353887,"#华为发布会#
庄达菲、王安宇、陈都灵出席华为Pocket 2时尚盛典，分享华为Pocket 2全焦段XMAGE四摄带来的真实感自拍、自由创作、科学防晒体验。高精准防晒检测、还原真实美感，一起定格美一面。",11,02月22日 15:38
5004241120526357,"#华为发布会#
大溪地这个设计真是让人眼前一亮，记忆深刻",赞,02月22日 15:38
5004241045553743,"#华为Pocket2首发向日葵通信技术#
华为Pocket 2搭载超强灵犀通信，并首发向日葵电磁场叠加技术，通过对天线布局进行创新性重构，打造悬停态优质信号。同时，华为Pocket 2还是业界首款支持双向北斗卫星消息的小折叠旗舰，一路畅连，通信不掉线。
#华为发布会#",赞,02月22日 15:38
5004241013834804,"#华为发布首款三倍长焦小折叠#
华为Pocket 2业界首创全焦段XMAGE四摄，5000万像素超感知主摄、3倍光学变焦长焦摄像头，远近都清晰，见证小折叠影像新高度，更凭借全新真实感主摄自拍，还原真实之美。同时，华为Pocket 2搭载第二代超光谱摄像头，结合业界首创超光谱AI融合感知算法，掌间精准检测紫外线，科学护肤，守护每一刻。
#华为发布会#

2
三亚

收起
d",10,02月22日 15:38
5004240907144887,"上次把Mate X5的后盖摔碎了给我心疼坏了
，终于等到把昆仑玻璃装后盖上了
！
#华为发布会#

#华为时尚盛典#",174,02月22日 15:37
5004240786030863,"#华为FreeClip#
耳夹耳机搭配
#华为Pocket2#
带来先锋的时尚体验，展露C位锋芒。新增支持空间音频功能，听感更真实，旋律萦绕耳畔，解锁颜值与实力的双重享受。
#华为时尚盛典#
#华为发布会#",1,02月22日 15:37
5004240781051627,"华为Pocket2 价格来了：7499元起 ，艺术定制版10999元，这个价格大家觉得咋样？
#华为发布会#

#华为时尚盛典#",404,02月22日 15:37
5004240739895636,"华为 Pocket 2 售价公布：
12G+256G 7499元
12G+512G 7999元
12G+1TB    8999元
有大溪地灰、洛可可白、芋紫、雅黑四个配色可选，3 月 1 日开售。
这个价格还行不？
#华为pocket2#
#华为发布会#",44,02月22日 15:37
5004240577892154,"Pocket2 7499起
艺术定制版10999起～
大大心动了！！
#华为时尚盛典#
#华为发布会#
#华为pocket2#",1057,02月22日 15:36
5004240332261540,"华为Pocket 2正式发布，7499起！艺术家定制版10999！
确实作为小折叠屏来说，华为堆料还是很满了，但这个价格，你觉得如何呢？
#华为发布会#",1,02月22日 15:35
5004240099481309,"余承东预热，今年秋天鸿蒙大版本更新，Pocket 2 性能预估提升 30%。
华为Pocket2将支持升级原生鸿蒙，拥有更流畅的体验！基于HarmonyOS NEXT 打造的鸿蒙原生应用和系统，今年秋天面世。
#华为Pocket2#

#华为时尚盛典#

#华为发布会#",9,02月22日 15:34
5004239899984523,"华为 Pocket 2 这次也有艺术定制版，依然是和 P50 Pocket 艺术家定制版的设计师 Iris Van Herpen 合作，只有一款蓝梦配色，有第二代昆仑玻璃，售价 10999 元，买吗？
#华为发布会#
#华为pocket2#",10,02月22日 15:33
5004239863024185,"#华为Pocket2#
价格出来了，7499元起，12+256版本，7999元的是512g，1tb版本是8999元，艺术版10999元。
还是有不少首创的，比如卫星通信，更平整的屏幕，3倍光学变焦，无线充电也有了。真的可以做主力机了，该有的都有了。 还有那个防紫外线检测就深击美女的心。相比其他折叠屏手机，多了长焦镜头，多了防水，多了无线充电，多了玄武脚链，多了北斗卫星通信，多了这么多东西，贵一千多元也是合理的，而且华为是金字招牌，用户认可，真买折叠屏手机的也不差这一千块。高端用户不怕你贵，怕你不够好。做折叠屏还得是华为！

2023年华为遥遥领先王者归来，2024年华为乘风破浪，扬帆起航！
#华为发布会#

收起
d",25,02月22日 15:33
5004239694726912,"华为 Pocket 2 艺术定制版，配色名叫做蓝梦，后盖采用第二代昆仑玻璃，20 倍整机抗摔性能提升。
灵动翩跹，一眼流连。
#华为Pocket2#
艺术定制版采用3D动态空间工艺，重塑感官想象；第二代昆仑玻璃，给你安心依靠；专属礼盒，独具匠心，释放优雅格调。
#华为时尚盛典#
#华为发布会#",17,02月22日 15:33
5004239535605606,"HUAWEI Pocket 2你们关心的价格来了！7499元起，就能拥有时尚单品，更有独特的艺术定制版，非常潮流，同时如果柔性屏被人为损坏也可以用1299元的价格更换，服务更有温度。
华为折叠屏靠谱的，产品力到位设计好看还常用常新，靠谱！
#华为发布会#",119,02月22日 15:32
5004239457751988,"华为Pocket2起售价为7499元起，
艺术版10999元！
#华为pocket2价格#
#华为发布会#",559,02月22日 15:32
5004239443069032,"小折叠屏看华为Pocket2 | 科技头条
秀肌肉：国内卖出2台折叠屏，就有1台是华为，其市场占有率超过51%，消费者满意度TOP1，属实是无敌般存在。
华为Pocket2三大时尚体验官：
庄达菲：华为Pocket2用起来跟直板机一样。
王安宇：推荐大家使用3X人像，拍宠物很好的凸出主题，带来不错的背景虚化。
陈都灵：华为防晒检测功能非常出色。
产品亮点：
- 麒麟9000s，4520毫安电池+66W+40W。
- 时尚大咖，全新的大溪地灰配色，延续经典的洛可可白。
蓝梦艺术定制版，87道工序，后盖采用第二代昆仑玻璃，定制保护壳。
- 旗舰四摄，5000万F1.6大光圈主摄，支持防晒监测/拍出紫外光等功能的超光谱镜头，3X光学变焦800万长焦，
- 天生平整，用3年持久平整，且耐摔性进一步提升，加之IPX8防水，折叠屏首次实现2米抗水，整体品质与工艺全面提升。
- 小折叠屏品类首发北斗卫星通信。
- 体验为王，鸿蒙4，隔空操作，无线充电。
标准版：7499起
16GB+1T艺术定制版：10999
大家觉得如何？
收起
d",431,02月22日 15:32
5004239429961044,"华为Pocket 2不仅支持双向北斗卫星消息，还有66w有线快充和40w无线快充，这代小折叠实力不容小觑啊
#华为发布会#",291,02月22日 15:31
5004239336115823,"华为Pocket 2售价7499元起，艺术定制版10999元
心动吗
#华为时尚盛典#
#华为发布会#",20,02月22日 15:31
5004238818905561,"#华为发布会#
这个定制版比较好看",赞,02月22日 15:29
5004238608664480,"中框 VC 散热、外屏支持 AOD 息屏常亮、隔空操控，这三个特性 Pocket 2 麒麟9000s芯片没跑了。
个性外屏，颜值时刻在线。
#华为Pocket2#
常显外屏，搭配趣味萌宠、个性化头像，妙趣横生；AI隔空操控、外屏实况窗、双屏智感支付，一开一合间，生活得心应手。
#华为时尚盛典#

#华为发布会#",2,02月22日 15:28
5004238511932843,"#华为发布会#
数码博主也太卷了吧？",赞,02月22日 15:28
5004238213611565,"庄达菲 王安宇 陈都灵都来啦
刚看了庄达菲参演的《年会不能停》
刚追完《花儿与少年》王安宇帅的
#华为发布会#
#华为pocket2#",63,02月22日 15:27
5004238176129675,"华为Pocket 2艺术定制版，好好看啊
#华为时尚盛典#
#华为发布会#",19,02月22日 15:26
5004238132614446,"#华为发布会#
基本上就是上代产品的模具，小升级",赞,02月22日 15:26
5004238115571122,"2月22日，三亚财经国际论坛中心，华为Pocket 2折叠屏手机正式发布，这款小折叠屏手机是华为推出的第三代产品。
据早前IDC披露的数据显示，2023年中国折叠屏手机市场的出货量达到700.7万台，同比增长114.5%，这意味着中国折叠屏手机市场，已连续4年保持着同比增速超过100%的表现。
其中华为以51.2%的市场份额夺得冠军，成为折叠屏手机市场的最大赢家。如今新一代Pocket 2的发布，再次引进了折叠屏手机行业的发展。
华为Pocket 2采用对称设计，彰显几何之美。圆润小巧，放在手中非常舒适，重量仅有199g，厚度7.35㎜。
另外，6.94英寸21:9的屏幕带来更沉浸的感觉。屏幕还具备2200nits，1-120Hz刷新率，在省电和画面丝滑中游刃有余的切换。
配色更是选择了南大西洋大溪地的黑珍珠配色：大溪地灰，不仅具有极致追求，而且还涵盖了环保理念。
该款手机采用玄武水滴铰链，精密对接，使得平整度提升62%，创造了折叠机平整度的新突破。此外，双力臂杠杆齿轮，体力缩小20%，支撑力提升41%。悬浮式容屏设计也使得容屏空间提升400%。
值得关注的是，华为Pocket 2是业界首款支持三倍光学变焦和光学防抖的小折叠屏手机。
据悉，华为Pocket 2的芯片搭载的是麒麟9000S芯片，成为华为推出的首款麒麟5G小折叠手机。
当然，网络功能、隔空手势操作、大容量电池和无线快充，鸿蒙系统等等特色都是具备的。
华为Pocket 2独特的外观设计、强大的功能配置以及搭载的先进芯片，都预示着它将在市场上引领时尚潮流，必将成为2024年最受瞩目的折叠屏手机之一。
#华为发布会#
#华为时尚盛典#
#华为官宣pocket2发布会#

2
三亚·三亚财经国际论坛中心

收起
d",赞,02月22日 15:26
5004237917129515,"来吧～
展示📱
HUAWEI pocket2
#华为发布会#
#年度好物分享#
#华为#

2
三亚·三亚财经国际论坛中心",4,02月22日 15:25
5004237748830414,"华为 Pocket 2 内置 4520mAh 电池，40W 无线快充。 支持 66W有线 快充
灵巧身型，超大能量。
#华为Pocket2#
首次实现小折叠双超级快充，转眼间疾速蓄能；首创超冷立体散热系统，控温时刻冷静。
#华为时尚盛典#

#华为发布会#",5,02月22日 15:25
5004237597312220,"2月22日，这是一个不一般的日子，因为华为Pocket 2要来啦。我为什么这么期待?看看海报风格就知道了，又是一个主打时尚潮流的新机，至于外观设计我猜外屏应该还是像一代一样是万象双环的经典设计，毕竟咱们的海报上也有两个白色光圈。另外海报的背景元素也是规制整齐的建筑铺设，感觉与这次CMF的风格相关。不管如何，时尚设计总是跑不了的，浅浅期待一下。
#华为时尚盛典#
#华为发布会#

收起
d",1169,02月22日 15:24
5004237581585275,"#华为发布会#
华为在折叠屏市场可以说是独占半壁江山。在华为没有更新小折叠的情况下，市场份额占比仍然是第一，这是真的厉害。现在小折叠二代已经上市，那战绩必然也是杠杠的。不说别的，光是这个外观就捕获了不少人的心。它从瀚海珍宝中汲取美学灵感，科技和艺术完美结合，一整个就是低调奢华。真的是既有颜值又有实力的全能宝盒，这样的华为Pocket 2你不想要吗？
#华为Pocket2每台都独一无二#

收起
d",1175,02月22日 15:24
5004237559305307,"#华为发布会#
有多少人还记得华为小折叠一代这个时尚单品?上市就获得了女性朋友的喜爱。现在新的时尚盛典已经来了，不容错过。那二代会是什么样呢？不妨先来猜测一波。无论是海报还是预热视频，观感上都是低饱和度和暗色系的，或许Pocket 2是要主推低调奢华有内涵的表达风格，配色方面也会是紫黑白这种低调又高级的色系。你们觉得会是怎样的设计?一起来讨论讨论吧！
#华为时尚盛典#

收起
d",1176,02月22日 15:24
5004237507399886,"#华为发布会#
这讲的啥？我真…",赞,02月22日 15:24
5004237314722666,"华为 Pocket 2 是首款支持双向北斗卫星消息的小折叠手机，
超强灵犀通信，信号更劲一步。
#华为Pocket2#
向日葵电磁场叠加技术，打造悬停态优质信号；
首款小折叠支持双向北斗卫星消息，一路守护，美丽不掉线。
#华为时尚盛典#
#华为发布会#",2,02月22日 15:23
5004237169493516,"#华为Pocket2发布玄武水滴铰链#
针对折叠屏的平整度、可靠性等核心挑战，华为Pocket 2打造独有悬浮式容屏设计，并独家定制双力臂杠杆齿轮，配合超强火箭钢材质，实现折叠平整新突破。现场，
#余承东称华为小折叠像直板机一样平整#
为用户带来天生平整，一生平整的安心体验。
#华为发布会#",赞,02月22日 15:22
5004237113133413,"华为邀请的三位Pocket2时尚体验官 庄达菲、王安宇、陈都灵 这气质拿捏的
#华为时尚盛典#
#华为发布会#

#建议王安宇跟陈都灵学学防晒#",4,02月22日 15:22
5004237115491519,"HUAWEI Pocket 2支持双向北斗卫星消息，小折叠也有卫星通讯了，另外备受喜爱的隔空操控也回归啦，小折叠不仅时尚更有着全面的科技加成，全能实力，遥遥领先，新款小折叠太心动了。
#华为发布会#",75,02月22日 15:22
5004236913641014,"小折叠屏拉满了，华为Pocket 2支持双向北斗卫星消息，并且还有无线充电。电池容量也有增加，硬件配置算很给力了。还着重强调了散热能力，这就很有意思了。芯片依然没有讲明，应该是麒麟芯片，所以一个小折叠屏也尽量堆下散热，你懂的。
#华为发布会#",赞,02月22日 15:21
5004236734074801,"#华为Pocket2#
#华为发布会#
#华为时尚盛典#
华为Pocket2惊艳亮相发布会，引领时尚科技新潮流！在华为时尚盛典上，这款独特设计的手机展现了科技与美学的完美融合。拥有强大功能与时尚外观的Pocket2，将为用户带来前所未有的科技体验。更将时尚与科技进行了完美的融合~",249,02月22日 15:21
5004236580716753,"#华为Pocket2#
支持双向北斗卫星消息
4520mAh 电池，66W 有线充电，40W 无线充电
这配置倒是不错～
#华为发布会#",赞,02月22日 15:20
5004236250680850,"看华为官方的海报很简单，两个圆，可能暗示上环是相机模组，下环是背面屏幕。海报的背景元素是有规制整齐的建筑铺设，不知道是不是暗示新机配色会更高级，海报女性占位和服饰也很值得考究！窄肩、收腰、长筒裙。这是职场或者日常生活中很干练的搭配，又不乏时尚意味。时髦实用会是新机的主打风格，小折叠轻巧时髦便携的华为Pocket 2登场，期待它成为新一代时尚百搭单品
#华为时尚盛典#
#华为发布会#

收起
d",240,02月22日 15:19
5004236226823912,"华为Pocket 2的这颗超光谱镜头可太实用了，可以检测紫外线指数，检测防晒霜涂抹是否均匀，轻松一拍即可检测，对于女性用户来说简直是护肤神器，爱了。
#华为发布会#
#华为时尚盛典#",358,02月22日 15:19
5004236157093744,"全能影像，拍人拍景都好看，跟
#华为Pocket2#
时尚体验官王安宇一同定格美好。
#华为发布会#",7,02月22日 15:18
5004236084218978,"华为Pocket 2是首款支持双向北斗卫星消息的小折叠手机。这功能目前华为已经在中高端产品中普及了，真牛
#华为时尚盛典#
#华为发布会#",17,02月22日 15:18
5004236039652170,"和
@李兰迪
一起走进
#华为发布会#
//
@李兰迪Official
:

李兰迪超话

#华为Pocket2#
见证全新科技美学，体验高端瞩目之作。今日，和
@李兰迪
一同走进
#华为发布会#
。",416,02月22日 15:18
5004235908059152,"发布了头条文章：《华为Pocket 2惊艳亮相：折叠屏再领风骚，黑科技媲美专业测肤仪器》
#华为时尚盛典#
华为Pocket 2惊艳亮相：折叠屏再领风骚，黑科技媲美专业测肤仪器
#华为发布会#

#华为pockets发布#

O
华为Pocket 2惊艳亮相：折叠屏再领风骚，黑科技媲美专业测肤仪器",1,02月22日 15:17
5004235655352243,"你永远不用担心华为手机的信号，这次华为 Pocket 2 甚至双向北斗卫星消息都有了
#华为发布会#
#华为pocket2#",5,02月22日 15:16
