22年疫情，🐭🐭和女朋友异地分居了两年多，那时候不提倡出远门，🐭🐭也很老实没有到处跑一直线上办公，大概是 22 年 7 月的时候，🐭🐭被狐朋狗友怂恿，就偷偷去月抛，带去黑酒吧开了个包厢乱搞，本来什么事都不会有的，🐭🐭竟因为这次外出，不幸感染新冠，码变成了红码，成了密切接触者，当晚👮♂️找上门，🐭🐭被拉去方舱隔离，👮♂️盘问了鼠鼠的时候出行轨迹，本着救人一命胜造七级浮屠的原则，🐭🐭选择坦白从宽，（包括月抛场所），没想到的是，🐭🐭上了当地疫情红码仔去向的公众号，🐭🐭从家里出来到被逮捕整个过程都被写的清清楚楚，当时那篇推文传的沸沸扬扬，自从🐭🐭跟女朋友说了🐭🐭阳了以后，🐭🐭的女朋友莫名其妙就看到了那篇文章，打电话锤了🐭🐭几天，和🐭🐭分手，还有几个月就结婚了一下子没了。,3219805948,我能怎没名字了,点名批评😘,广东
编快点,1627879825,,漫长的白日梦🎅,广东
该,1741453134,,贴吧用户_Qb3ED89,广东
打个🦶🧵,3219805948,我能怎没名字了,点名批评😘,广东
cy,6595974120,jajajjwk,jajajjwk,河南
gkd,2629522258,任阿七1,任阿七1,山东
楼主似了吗？,3939740343,爱神的赐福home,贴吧用户_5VPRtVe,广东
好似 小头控制大头了吧 悲乎 后悔莫及也,2384529274,,暴抡一击,江西
分手当晚，🐭🐭顶着新冠重压躺在方舱，即使身体承受着巨大压力，坚持以德服人，从始至终都积极和 npy 和她家人沟通。（🐭🐭本性是善良的，🐭🐭从始至终都洁身自好，不能因为犯了一个小错误就被人否定质疑）,3219805948,我能怎没名字了,点名批评😘,广东
打🦶打晕了，出幻觉了，好像🐭🐭又复合了,3219805948,我能怎没名字了,点名批评😘,广东
🐞该,6105369798,sifkxuokf,sifkxuokf,湖北
出轨还觉得是小错误 你是我在孙吧见过最臭的一坨了,5233030356,纯情嗨丝牢大,yyang^,山东
你的自拍：💩,5277574715,,雷刘李,广东
呵 呸,4065293554,,听空调呼吸,黑龙江
这种出轨开房变红码被抓的故事怎么感觉听过,6568502945,czy99823,尼姑定针,澳大利亚
当时🐭🐭整个人都是懵的，不管怎么说，认识了两年，删之前也该跟🐭🐭说一声，结果一声不吭就把🐭🐭删了，完全不给🐭🐭机会，🐭🐭打电话也不接，后面号码还被拉黑了,3219805948,我能怎没名字了,点名批评😘,广东
3,5603077264,,锦琳,江苏
别说那么多没用的，我就问你复合了没，没的话大快人心,2877656329,夜香烧了夜寒声,天地独一真神,河南
好似，省的祸害人家姑娘,1413845042,凯撒268,猫猫绅士,浙江
后来🐭🐭想去问问 npy 咋回事，结果 npy 也把🐭🐭删了。🐭🐭印象中大伙闹分手都是能复合的，没想到这个女人这么绝情，辜负了🐭🐭躺在方舱插着管仍然坚持沟通的心意。,3219805948,我能怎没名字了,点名批评😘,广东
活该,4128789393,元神prince,幽谷响子ww,山西
（本帖完结）打打🦶诺克萨斯瘾犯了,3219805948,我能怎没名字了,点名批评😘,广东
你都月抛了还想发出来让8u同情你？,3890777025,,贴吧用户_5by27yQ,河南
好似,2050323247,Backlightm,Backlightm,安徽
该,4147141302,spiderman175,什。。,辽宁
真的是血的教训，一定要洁身自好，远离黄赌毒，远离狐朋狗友,3219805948,我能怎没名字了,点名批评😘,广东
House,4540893124,7316473_,贴把用_114515,江苏
一眼丁假,622288281,啊呀啦拉,啊呀啦拉,广东
好似,1144055960,QAQ非酋一枚,御坂美琴🥰,陕西
好似,6401847649,gaosm啊,涌出塔菲喵,河北
好似,6418419678,psabyz,Mo1ika,山西
氵,2116767395,杨治强33,无良🌝🌞,四川
快马加编,5128834552,,姐姐哥哥我是,广东
该,853605201,typoo2268,翠微今晚死🐒,北京
"活该
扣一送小布丁",185792605,H234839,思思思思涵_,广东
别人都是搬史来孙吧，你倒好，自己就是一坨史,5294393604,abcnmb1314520,麵條得用筷子吃,湖南
短篇小说没意思,948531958,笑天蓬,◎约之水,广西
lz怎么还不似,5062919837,靠千树取胜,靠千树取胜,中国台湾
快马+编,2760883045,爱像山河,惊蛰1998,广东
好似,2655290003,Theer1988,究极反派面包狗,山东
如果是真的我只能说好似，如果是假的我希望它变成真的并且祝楼主好似,3133999014,张孝洲555,A nt,山东
3,1614867976,阿呆投篮三不沾,阿呆投篮三不沾,吉林
两年过去了，lz现在过得如何了,4576576113,月霜__,🌵风,浙江
活该,5604518281,雪乃AQ,清闲自得,广东
你怎么不狗带,3458124695,薄荷不能不加冰,诶嘿诶嘿哦,江苏
劝你趁早重开,5602054171,Cheems409,Cheems409,广东
"听说这个挺多经验的 ิۖิۣ ۣۣۖۖۖۖิۖิิۣۣۖۖิ ۖิิۣۣۖۖิۣ ۣۣۖۖۖิۖิิ ۣۣۖۖ ۖ ۣۣۖۖิ ۖิิۣۣۖۖิۣ ۣۣۖۖۖิۖิิ ۣۣۖۖ ۖ ۣۣۖۖิ ۖิิۣۣۖۖิۣ ۣۣۖۖۖิۖิิ ۣۣۖۖ ۖ ۣۣۖۖิ ۖิิۣۣۖۖิۣ ۖ~
　　　ۣۣۖۖۖิۖิิ ۣۣۖۖ ۖ ۣۣۖۖิ ۖิิۣۣۖۖۖิۖิิ ۣۣۖۖ ۖ ۣۣۖۖ ۖ ۣۣۖۖิ ۖิิۣۣۖۖิ ۖิิۣۣۖۖۖิۖิิ ۣۣۖۖ ۖ ۣۣۖۖิ ۖิิۣۣۖۖิۣۣۣۖۖۖิۖิิ ۣۣۖۖ ۖ ۣۣۖۖิ ۖิิۣۣۖۖิۣ ۣۣۖۖۖิۖิิ ۣۣۖۖ ۖ ۣۣۖۖิ ۖิิۣۣۖۖิۣ ۣۣۖۖۖิۖิิ ۣۣۖۖ ۖ ۣۣۖۖิ ۖิิۣۣۖۖิۣ ۣۣۖۖۖิ
　　　 ิۖิۣ ۣۣۖۖۖۖิۖิิۣۣۖۖิ ۖิิۣۣۖۖิۣ ۣۣۖۖۖิۖิิ ۣۣۖۖ ۖ ۣۣۖۖิ ۖิิۣۣۖۖิۣ ۣۣۖۖۖิۖิิ ۣۣۖۖ ۖ ۣۣۖۖิ ۖิิۣۣۖۖิۣ ۣۣۖۖۖิۖิิ ۣۣۖۖ ۖ ۣۣۖۖิ ۖิิۣۣۖۖิۣ ۖ
　　　ۣۣۖۖۖิۖิิ ۣۣۖۖ ۖ ۣۣۖۖิ ۖิิۣۣۖۖۖิۖิิ ۣۣۖۖ ۖ ۣۣۖۖ ۖ ۣۣۖۖิ ۖิิۣۣۖۖิ ۖิิۣۣۖۖۖิۖิิ ۣۣۖۖ ۖ ۣۣۖۖิ ۖิิۣۣۖۖิۣۣۣۖۖۖิۖิิ ۣۣۖۖ ۖ ۣۣۖۖิ ۖิิۣۣۖۖิۣ ۣۣۖۖۖิۖิิ ۣۣۖۖ ۖ ۣۣۖۖิ ۖิิۣۣۖۖิۣ ۣۣۖۖۖิۖิิ ۣۣۖۖ ۖ ۣۣۖۖิ ۖิิۣۣۖۖิۣ ۣۣۖۖۖิ
　　　上边的字超过700哦，大家用这个水吧，省空间，不然影响看帖。",973154563,chf叠,今天依旧没有精神！,湖南
活该好似,5951802666,贰進製的十進製,Freiheit@,辽宁
哈哈哈哈哈哈哈哈哈,4581891447,姜葱葱ilk,姜葱葱ilk,天津
好！,6104134486,he06726,星の,湖南
该,5411366558,小田baby1,大葱蘸酱鸭,陕西
好似,6467156873,i吃橙子皮,张良妹闪没大,安徽
🐞是这样的,1378281491,Ered橙霜,白熊Sama🎃,江苏
活该,2821289368,zhangyi31927,LawerZhang,新加坡
好似,1631301364,,贴吧用户_Q6be1eX,安徽
活该,5674428381,黑神话启动,😋🐒,广东
"一眼编
你的晚安 是我一直听不腻的情话",5790082160,Eternity_718,明天要见面,安徽
好分，管不住屌的fw,1182335623,jj990825,PLanetº,湖北
好死咯,2687032569,羲皇oJTlgJ,一直被光拉扯,湖北
狠狠的嘲笑,3135248726,fyibfdt,！234,河北
淡定，能找到一个就能找到下一个，这世界上多的是配你这种够的标志,6337676126,渡牒别搞我了,熔炉骑士再就业中心,山东
"该
水出个性
我要夺回属于我的经验
跟上老东西的节奏！",4979930206,家r们谁懂啊,最少也是万里挑一,安徽
太逆天了感觉是不是演的，不是的话祝你p一次就中标,5204957049,艾斯利尔6742,想名字好难哦,辽宁
好似,839064265,夜幕四合_,字里行间--,山东
活该，④了得了,5637145333,hongcheng129,🟢 🧟‍♂️,江苏
***是真该死,4055973691,柚希哦,莉莉丝大魔王℉,广东
吧友不攻击他，我可要攻击你们了,3577184189,夜半M曙光,艾❤️乔,广西
cs，发聊天时间出来,3469091899,朝朝暮暮阳阳,朝朝阳阳,中国香港
好死,6511233210,山河依旧很甜,山河依旧很甜,安徽
出生还会说这种话 什么叫犯了男人都会犯的错gdx喜欢发到孙吧恶心8u们是吧 出生dx干出生事还好意思发 纯喜欢挨骂呗,5182401976,永雏鼠属,永雏顶贞,福建
好似,6314312076,小康1491299425,只是耀眼的DNA,山东
抛开事实不谈，难道女生就一点错都没有吗,12103548,大蟒,贴吧用户_00121N3,黑龙江
4目,6384411388,wttszs04,原神高守,河南
“本来什么事都不会有的”你恶心到我了，真的出去别说自己是男的,730399113,347208962s,跃迁者◎,中国香港
不要把你自己这拖④和我们一起比较,5850458470,木struggle,苏苏不是簌簌,湖南
好似，别说你是广东的，你自己一个省吧,3157486836,,逐星年华,广东
活该,6392765837,,贴吧用户_Gy6beUP,广东
还好出了这事分开了，你个社会渣滓,3450210388,老子康师傅2,贴吧用户_5J8U77X,北京
好似，大快人心,4602619509,gubernatorial5,眉尺间🐭,河南
该,6381689805,酷狗鹰乐,鹰墓花盗,中国澳门
好似,3892938107,雨云很赞233,丧彪☁️,广东
哈哈哈哈哈哈哈哈哈哈哈哈哈哈哈哈啊哈哈哈哈哈哈哈哈哈嗝哈哈哈,5631552313,魔仙堡射手,魔仙堡射手,江苏
好似,6086691356,skhshsj,咸者如鱼,江苏
出生,4965954632,司遇斯宇,春衫阳,河南
3,3477263616,,古斯塔斯之兔,江苏
3,2536964521,jkc407,真的不是孙笑川,河南
这种一般应该是直接骂，但是我不愿意脏了自己的嘴，所以就放你一马，灰溜溜从下水道过去吧,953018104,雪顶白熊,雪顶白熊,山东
好似,1391786233,fly小蓝123,喜欢做白日梦的飞舞,天津
难过吗,1330205193,xxxx11134,南风知我翼,江西
好似,3938183119,鈽為哺钀絯hale,镜破,上海
编快点,1784612078,超级海带鱿鱼,超级海带鱿鱼,福建
sblz,4050311229,RickRICKrick12,机王神力,江苏
快马加鞭,3825194417,莱布尼茨的仓鼠,莱布尼茨的仓鼠,四川
男人总是这一句话啊，这种男人太笨了，非常事情还乱搞，也不注意安全,2234581464,123吴聪,爱呀妈呀,山东
"听说这个挺多经验的 ิۖิۣ ۣۣۖۖۖۖิۖิิۣۣۖۖิ ۖิิۣۣۖۖิۣ ۣۣۖۖۖิۖิิ ۣۣۖۖ ۖ ۣۣۖۖิ ۖิิۣۣۖۖิۣ ۣۣۖۖۖิۖิิ ۣۣۖۖ ۖ ۣۣۖۖิ ۖิิۣۣۖۖิۣ ۣۣۖۖۖิۖิิ ۣۣۖۖ ۖ ۣۣۖۖิ ۖิิۣۣۖۖิۣ ۖ~
　　　ۣۣۖۖۖิۖิิ ۣۣۖۖ ۖ ۣۣۖۖิ ۖิิۣۣۖۖۖิۖิิ ۣۣۖۖ ۖ ۣۣۖۖ ۖ ۣۣۖۖิ ۖิิۣۣۖۖิ ۖิิۣۣۖۖۖิۖิิ ۣۣۖۖ ۖ ۣۣۖۖิ ۖิิۣۣۖۖิۣۣۣۖۖۖิۖิิ ۣۣۖۖ ۖ ۣۣۖۖิ ۖิิۣۣۖۖิۣ ۣۣۖۖۖิۖิิ ۣۣۖۖ ۖ ۣۣۖۖิ ۖิิۣۣۖۖิۣ ۣۣۖۖۖิۖิิ ۣۣۖۖ ۖ ۣۣۖۖิ ۖิิۣۣۖۖิۣ ۣۣۖۖۖิ
　　　 ิۖิۣ ۣۣۖۖۖۖิۖิิۣۣۖۖิ ۖิิۣۣۖۖิۣ ۣۣۖۖۖิۖิิ ۣۣۖۖ ۖ ۣۣۖۖิ ۖิิۣۣۖۖิۣ ۣۣۖۖۖิۖิิ ۣۣۖۖ ۖ ۣۣۖۖิ ۖิิۣۣۖۖิۣ ۣۣۖۖۖิۖิิ ۣۣۖۖ ۖ ۣۣۖۖิ ۖิิۣۣۖۖิۣ ۖ
　　　ۣۣۖۖۖิۖิิ ۣۣۖۖ ۖ ۣۣۖۖิ ۖิิۣۣۖۖۖิۖิิ ۣۣۖۖ ۖ ۣۣۖۖ ۖ ۣۣۖۖิ ۖิิۣۣۖۖิ ۖิิۣۣۖۖۖิۖิิ ۣۣۖۖ ۖ ۣۣۖۖิ ۖิิۣۣۖۖิۣۣۣۖۖۖิۖิิ ۣۣۖۖ ۖ ۣۣۖۖิ ۖิิۣۣۖۖิۣ ۣۣۖۖۖิۖิิ ۣۣۖۖ ۖ ۣۣۖۖิ ۖิิۣۣۖۖิۣ ۣۣۖۖۖิۖิิ ۣۣۖۖ ۖ ۣۣۖۖิ ۖิิۣۣۖۖิۣ ۣۣۖۖۖิ
　　　上边的字超过700哦，大家用这个水吧，省空间，不然影响看帖。",4845149922,十小第一深情,十小第一深情,重庆
出生，**脑子，打的瓦塔了,2142107826,馃敨灏忕孩鍢,澪音zero,山东
@天精兽 乐死了,835604,惑月小猫,Vacancyya,天津
3,5536512740,,公交车上坐公交,山东
这不纯活该🤣🤣🤣,4136367766,____KIN____,🔥Kin🔥,河南
既蠢又没有原则，要么别约，要么别被抓到，现在事情发生了就接受后果,3041221415,阳光收快递,罗辑不是逻辑▫,山东
不管你是真有其事还是帆船，都tm该似,5040419007,捏麻麻滴大爷,所累瓦多卡纳,贵州
管你是真的还是假的，似就完了，赶紧似,2750064207,云裳779,鼠鼠,陕西
水过了,2159745830,七f1528,不刷板纯摆烂,上海
不想说了，自己看图。,3262424076,好奇学长smile,折之江😲,江苏
该,1877856311,水流东坡尸,🍥北极猫🍥,河南
如果是假的，我希望是真的，如果是真的，那你house,5698119124,,玄都观里桃花水,湖北
好似啊好似,6331374289,lz步出夏门行,步出夏門行,北京
你女朋友去约的话，你会怎么想呢,3405434308,tdppy,皮小曲一号☞☜,江苏
哈哈哈哈哈哈哈哈,1616008312,索菲诺伊恩缪拉,索菲诺伊恩缪拉,湖南
活该,5443963586,雨霁光风,雨霁光风,广东
瓢虫好似,2086807740,jsjsix,雾净笙,山东
该,3511809152,耳东闻雨,达达尼昂121,河南
好似,1721442249,,贴吧用户_Qb4MRy4,江苏
好似,3482750137,丁真哥哥,数一数二,山东
好似,6570727847,,贴吧用户_J58tMPR,重庆
一眼编,3473010677,LessSword,Seraphim,广东
"听说这个挺多经验的 ิۖิۣ ۣۣۖۖۖۖิۖิิۣۣۖۖิ ۖิิۣۣۖۖิۣ ۣۣۖۖۖิۖิิ ۣۣۖۖ ۖ ۣۣۖۖิ ۖิิۣۣۖۖิۣ ۣۣۖۖۖิۖิิ ۣۣۖۖ ۖ ۣۣۖۖิ ۖิิۣۣۖۖิۣ ۣۣۖۖۖิۖิิ ۣۣۖۖ ۖ ۣۣۖۖิ ۖิิۣۣۖۖิۣ ۖ~
　　　ۣۣۖۖۖิۖิิ ۣۣۖۖ ۖ ۣۣۖۖิ ۖิิۣۣۖۖۖิۖิิ ۣۣۖۖ ۖ ۣۣۖۖ ۖ ۣۣۖۖิ ۖิิۣۣۖۖิ ۖิิۣۣۖۖۖิۖิิ ۣۣۖۖ ۖ ۣۣۖۖิ ۖิิۣۣۖۖิۣۣۣۖۖۖิۖิิ ۣۣۖۖ ۖ ۣۣۖۖิ ۖิิۣۣۖۖิۣ ۣۣۖۖۖิۖิิ ۣۣۖۖ ۖ ۣۣۖۖิ ۖิิۣۣۖۖิۣ ۣۣۖۖۖิۖิิ ۣۣۖۖ ۖ ۣۣۖۖิ ۖิิۣۣۖۖิۣ ۣۣۖۖۖิ
　　　 ิۖิۣ ۣۣۖۖۖۖิۖิิۣۣۖۖิ ۖิิۣۣۖۖิۣ ۣۣۖۖۖิۖิิ ۣۣۖۖ ۖ ۣۣۖۖิ ۖิิۣۣۖۖิۣ ۣۣۖۖۖิۖิิ ۣۣۖۖ ۖ ۣۣۖۖิ ۖิิۣۣۖۖิۣ ۣۣۖۖۖิۖิิ ۣۣۖۖ ۖ ۣۣۖۖิ ۖิิۣۣۖۖิۣ ۖ
　　　ۣۣۖۖۖิۖิิ ۣۣۖۖ ۖ ۣۣۖۖิ ۖิิۣۣۖۖۖิۖิิ ۣۣۖۖ ۖ ۣۣۖۖ ۖ ۣۣۖۖิ ۖิิۣۣۖۖิ ۖิิۣۣۖۖۖิۖิิ ۣۣۖۖ ۖ ۣۣۖۖิ ۖิิۣۣۖۖิۣۣۣۖۖۖิۖิิ ۣۣۖۖ ۖ ۣۣۖۖิ ۖิิۣۣۖۖิۣ ۣۣۖۖۖิۖิิ ۣۣۖۖ ۖ ۣۣۖۖิ ۖิิۣۣۖۖิۣ ۣۣۖۖۖิۖิิ ۣۣۖۖ ۖ ۣۣۖۖิ ۖิิۣۣۖۖิۣ ۣۣۖۖۖิ
　　　上边的字超过700哦，大家用这个水吧，省空间，不然影响看帖。",5896409850,,TheYoung,江西
《男人都会犯的错》你代表我了？自己管不住自己不就是活该,3111170157,哈哈哈哈哈啊锕,贴吧用户_73eQU5P,北京
恶心,5226983586,fjcbdjdhjd,天才少女叁叁酱33,甘肃
月抛爽吗,5040440949,X60089,贴吧用户_aMJyQbV,辽宁
又去哪里偷的帖子,2910013916,我从未期盼过,从未期盼过,广东
建议出轨的都鞭刑,4742489276,氪癌,北海道张本怡涵,广东
快马加编,429805571,馋栔ww,理塘顶真ww,湖南
建议去死,1059580070,捡肥皂的少年i,快乐猫zzZ😽,河南
该，纯纯出生，还能说出《我只是犯了一个男人都会犯的错》真恶心到我了,2918251543,用户代码693,爱吃草莓味棒棒糖,辽宁
"听说这个挺多经验的 ิۖิۣ ۣۣۖۖۖۖิۖิิۣۣۖۖิ ۖิิۣۣۖۖิۣ ۣۣۖۖۖิۖิิ ۣۣۖۖ ۖ ۣۣۖۖิ ۖิิۣۣۖۖิۣ ۣۣۖۖۖิۖิิ ۣۣۖۖ ۖ ۣۣۖۖิ ۖิิۣۣۖۖิۣ ۣۣۖۖۖิۖิิ ۣۣۖۖ ۖ ۣۣۖۖิ ۖิิۣۣۖۖิۣ ۖ~
　　　ۣۣۖۖۖิۖิิ ۣۣۖۖ ۖ ۣۣۖۖิ ۖิิۣۣۖۖۖิۖิิ ۣۣۖۖ ۖ ۣۣۖۖ ۖ ۣۣۖۖิ ۖิิۣۣۖۖิ ۖิิۣۣۖۖۖิۖิิ ۣۣۖۖ ۖ ۣۣۖۖิ ۖิิۣۣۖۖิۣۣۣۖۖۖิۖิิ ۣۣۖۖ ۖ ۣۣۖۖิ ۖิิۣۣۖۖิۣ ۣۣۖۖۖิۖิิ ۣۣۖۖ ۖ ۣۣۖۖิ ۖิิۣۣۖۖิۣ ۣۣۖۖۖิۖิิ ۣۣۖۖ ۖ ۣۣۖۖิ ۖิิۣۣۖۖิۣ ۣۣۖۖۖิ
　　　 ิۖิۣ ۣۣۖۖۖۖิۖิิۣۣۖۖิ ۖิิۣۣۖۖิۣ ۣۣۖۖۖิۖิิ ۣۣۖۖ ۖ ۣۣۖۖิ ۖิิۣۣۖۖิۣ ۣۣۖۖۖิۖิิ ۣۣۖۖ ۖ ۣۣۖۖิ ۖิิۣۣۖۖิۣ ۣۣۖۖۖิۖิิ ۣۣۖۖ ۖ ۣۣۖۖิ ۖิิۣۣۖۖิۣ ۖ
　　　ۣۣۖۖۖิۖิิ ۣۣۖۖ ۖ ۣۣۖۖิ ۖิิۣۣۖۖۖิۖิิ ۣۣۖۖ ۖ ۣۣۖۖ ۖ ۣۣۖۖิ ۖิิۣۣۖۖิ ۖิิۣۣۖۖۖิۖิิ ۣۣۖۖ ۖ ۣۣۖۖิ ۖิิۣۣۖۖิۣۣۣۖۖۖิۖิิ ۣۣۖۖ ۖ ۣۣۖۖิ ۖิิۣۣۖۖิۣ ۣۣۖۖۖิۖิิ ۣۣۖۖ ۖ ۣۣۖۖิ ۖิิۣۣۖۖิۣ ۣۣۖۖۖิۖิิ ۣۣۖۖ ۖ ۣۣۖۖิ ۖิิۣۣۖۖิۣ ۣۣۖۖۖิ
　　　上边的字超过700哦，大家用这个水吧，省空间，不然影响看帖。",4038318144,伊恩伊恩惹,活着～～～,湖北
恶臭,2768527393,断剑员外,断剑员外,江苏
不管怎么说，要你真干了这事你真是活该，要是你是钓鱼的那你私募,4629347011,wdnm7_,地咖啡,浙江
像你这种的就不用治了,6550295191,一只理智道,在世华佗,天津
你又有女朋友，又能月抛，你是个锤子鼠鼠,2573702103,卍柏温卍,净心归一,广东
@sxc312,2351702241,,一路向←,上海
瓢虫好似,2578250359,昵称已被占用捏,托马斯螺旋跳跃飞车,河南
快码加编,713773365,rurulin01,RuruLin01,卢森堡
米线山永远是你后边忘了,4573127465,面壁者老八,SU-130PM,辽宁
cs,5135641660,造型师_胡德禄,西北的造型师胡德禄,河南
？？？,2251397932,钓德翼,芝士China雪豹,重庆
好似,1069052426,謝小邂,謝小邂,湖南
你太软弱了，居然还认错解释，男生的身体是我们男生自己的，我们想和谁坐唉都是我们的自由，这是男生的星嗳自由，这群粿女有什么资格管我们？,6360678308,hgfcrh,集美底子很好,河南
殺了,3599315259,六道图仙,Snufly💕,四川
好似,6376988446,腻马卖啤,科大下水道鼠鼠,四川
好似啊,465517465,4829341,babyy🎅,湖北
哈哈哈，fw好似,5534629651,鲲鲲p,鲲鲲p,江苏
大头儿子小头爸爸，瓢虫还是四一四吧,4626369828,,［纯爱战士阿利斯塔］,广西
3,919964189,八度0101,无敌宝将军,山东
好似,3532819231,整挺_好,—Melina,广东
3,2384646613,Y23345,Y23345,广西
@梵LOV @不太想吃饭 @九重雪兔 @颜夕i抹茶,920956807,Isusedto,痒痒鼠玩家233,广东
一眼假假的祝你好似，真的更祝你好似,2811759454,吾心不心痛,人类之光阿嗣℃,湖南
咋怎么多自挂东南枝的,4599867277,l废物l,l废物l,湖北
赶紧+3,4405380132,我4ngg,KaNeKi,湖南
3,3938797892,大爱绘梨衣nice,韦一敏*,山东
感觉是编的,1282959475,huutl,慢慢慢慢.,江西
聊天记录时间都不敢发,887768680,浅爱丨一生兮,浅爱丨一生兮,湖南
一眼编，聊天记录时间别裁啊,887768680,浅爱丨一生兮,浅爱丨一生兮,湖南
你也是贱,6547198320,孤独的脚后跟,邦邦啊,江西
活该,1150270406,yuyuaaaiii,yuyuuyuyuy,甘肃
赌被拘只要没多大不是多大问题 黄被拘不上新闻后果也是不堪设想的 想下结局都怕,1544558949,jbjjj11,博物♬,广东
管不住你可以剁了啊 宝宝你不是鼠你是💩,6547198320,孤独的脚后跟,邦邦啊,江西
你怎么有脸来发帖的？鼠鼠可没你这样的鼠辈！,5258694524,随便起的快通过,随便起的名字呢,四川
一眼反🚢,4627768668,纯真少年郎丁真,礼堂碇真♂,江苏
真你nnd活该哎,3458810867,230053zxc,儒雅随和的鬼,四川
编快点,3978296034,q2302377808,答辩超人丨,四川
哈哈哈哈哈哈哈哈哈哈哈哈哈哈哈哈哈哈哈，好似,6458274930,睿性abcd,睿性abcd,陕西
好似,2886256151,星宇寻梦人_,杰吸咔,北京
3,5094949703,,贴吧用户_ae8D68R,河北
3,4724611213,,高楼观云海,北京
笑死 你不会是在温州被抓的吧！,1337657327,方浩是我2哥,玛巴洛沙韦,上海
你应该庆幸没超级传播，不然你现在还在里面呆着,1100595954,Ms格列郎杰,Ms格列郎杰,河南
活该,2752917187,fate是信仰,久远-、,上海
lz好似,4118116353,,-xgqs,陕西
瓢虫死一死,3420665457,,莆克大帝🐵,安徽
"听说这个挺多经验的 ิۖิۣ ۣۣۖۖۖۖิۖิิۣۣۖۖิ ۖิิۣۣۖۖิۣ ۣۣۖۖۖิۖิิ ۣۣۖۖ ۖ ۣۣۖۖิ ۖิิۣۣۖۖิۣ ۣۣۖۖۖิۖิิ ۣۣۖۖ ۖ ۣۣۖۖิ ۖิิۣۣۖۖิۣ ۣۣۖۖۖิۖิิ ۣۣۖۖ ۖ ۣۣۖۖิ ۖิิۣۣۖۖิۣ ۖ~
　　　ۣۣۖۖۖิۖิิ ۣۣۖۖ ۖ ۣۣۖۖิ ۖิิۣۣۖۖۖิۖิิ ۣۣۖۖ ۖ ۣۣۖۖ ۖ ۣۣۖۖิ ۖิิۣۣۖۖิ ۖิิۣۣۖۖۖิۖิิ ۣۣۖۖ ۖ ۣۣۖۖิ ۖิิۣۣۖۖิۣۣۣۖۖۖิۖิิ ۣۣۖۖ ۖ ۣۣۖۖิ ۖิิۣۣۖۖิۣ ۣۣۖۖۖิۖิิ ۣۣۖۖ ۖ ۣۣۖۖิ ۖิิۣۣۖۖิۣ ۣۣۖۖۖิۖิิ ۣۣۖۖ ۖ ۣۣۖۖิ ۖิิۣۣۖۖิۣ ۣۣۖۖۖิ
　　　 ิۖิۣ ۣۣۖۖۖۖิۖิิۣۣۖۖิ ۖิิۣۣۖۖิۣ ۣۣۖۖۖิۖิิ ۣۣۖۖ ۖ ۣۣۖۖิ ۖิิۣۣۖۖิۣ ۣۣۖۖۖิۖิิ ۣۣۖۖ ۖ ۣۣۖۖิ ۖิิۣۣۖۖิۣ ۣۣۖۖۖิۖิิ ۣۣۖۖ ۖ ۣۣۖۖิ ۖิิۣۣۖۖิۣ ۖ
　　　ۣۣۖۖۖิۖิิ ۣۣۖۖ ۖ ۣۣۖۖิ ۖิิۣۣۖۖۖิۖิิ ۣۣۖۖ ۖ ۣۣۖۖ ۖ ۣۣۖۖิ ۖิิۣۣۖۖิ ۖิิۣۣۖۖۖิۖิิ ۣۣۖۖ ۖ ۣۣۖۖิ ۖิิۣۣۖۖิۣۣۣۖۖۖิۖิิ ۣۣۖۖ ۖ ۣۣۖۖิ ۖิิۣۣۖۖิۣ ۣۣۖۖۖิۖิิ ۣۣۖۖ ۖ ۣۣۖۖิ ۖิิۣۣۖۖิۣ ۣۣۖۖۖิۖิิ ۣۣۖۖ ۖ ۣۣۖۖิ ۖิิۣۣۖۖิۣ ۣۣۖۖۖิ
　　　上边的字超过700哦，大家用这个水吧，省空间，不然影响看帖。",3895818112,小狗最让人喜欢,hape一号,广东
恭喜你前女友靠疫情远离了人渣,4845029079,,魔法骚年乾隆,湖北
编的不错,4752069047,,贴吧用户_aPbDXPe,河北
"听说这个挺多经验的 ิۖิۣ ۣۣۖۖۖۖิۖิิۣۣۖۖิ ۖิิۣۣۖۖิۣ ۣۣۖۖۖิۖิิ ۣۣۖۖ ۖ ۣۣۖۖิ ۖิิۣۣۖۖิۣ ۣۣۖۖۖิۖิิ ۣۣۖۖ ۖ ۣۣۖۖิ ۖิิۣۣۖۖิۣ ۣۣۖۖۖิۖิิ ۣۣۖۖ ۖ ۣۣۖۖิ ۖิิۣۣۖۖิۣ ۖ~
　　　ۣۣۖۖۖิۖิิ ۣۣۖۖ ۖ ۣۣۖۖิ ۖิิۣۣۖۖۖิۖิิ ۣۣۖۖ ۖ ۣۣۖۖ ۖ ۣۣۖۖิ ۖิิۣۣۖۖิ ۖิิۣۣۖۖۖิۖิิ ۣۣۖۖ ۖ ۣۣۖۖิ ۖิิۣۣۖۖิۣۣۣۖۖۖิۖิิ ۣۣۖۖ ۖ ۣۣۖۖิ ۖิิۣۣۖۖิۣ ۣۣۖۖۖิۖิิ ۣۣۖۖ ۖ ۣۣۖۖิ ۖิิۣۣۖۖิۣ ۣۣۖۖۖิۖิิ ۣۣۖۖ ۖ ۣۣۖۖิ ۖิิۣۣۖۖิۣ ۣۣۖۖۖิ
　　　 ิۖิۣ ۣۣۖۖۖۖิۖิิۣۣۖۖิ ۖิิۣۣۖۖิۣ ۣۣۖۖۖิۖิิ ۣۣۖۖ ۖ ۣۣۖۖิ ۖิิۣۣۖۖิۣ ۣۣۖۖۖิۖิิ ۣۣۖۖ ۖ ۣۣۖۖิ ۖิิۣۣۖۖิۣ ۣۣۖۖۖิۖิิ ۣۣۖۖ ۖ ۣۣۖۖิ ۖิิۣۣۖۖิۣ ۖ
　　　ۣۣۖۖۖิۖิิ ۣۣۖۖ ۖ ۣۣۖۖิ ۖิิۣۣۖۖۖิۖิิ ۣۣۖۖ ۖ ۣۣۖۖ ۖ ۣۣۖۖิ ۖิิۣۣۖۖิ ۖิิۣۣۖۖۖิۖิิ ۣۣۖۖ ۖ ۣۣۖۖิ ۖิิۣۣۖۖิۣۣۣۖۖۖิۖิิ ۣۣۖۖ ۖ ۣۣۖۖิ ۖิิۣۣۖۖิۣ ۣۣۖۖۖิۖิิ ۣۣۖۖ ۖ ۣۣۖۖิ ۖิิۣۣۖۖิۣ ۣۣۖۖۖิۖิิ ۣۣۖۖ ۖ ۣۣۖۖิ ۖิิۣۣۖۖิۣ ۣۣۖۖۖิ
　　　上边的字超过700哦，大家用这个水吧，省空间，不然影响看帖。",543429664,jdsjsheuihf,青竜,广东
早就水过了,5528697109,马牛毕great,甜所浩二🥴,河北
那你疑似有些活该了,1735892030,旋涡天启,一般路过民众乙,陕西
好似，pc都好似,1083908285,史蒂夫世界,JFors◎,四川
好,4949625926,不大聪明的人,不大聪明的人,上海
我们这边有一个也是疫情期间去漂，阳了，正个市传的沸沸扬扬的,566478475,若我以柔情封心,若我以柔情封心,云南
3,1431597746,sunny千冥,lod6,黑龙江
女马 的 该,1066164157,伟大领袖张震震,大振不是打针,安徽
3,5102435496,,响铃vv,广东
狗屎,3005653560,wz宁静的夏天,穿心莲🍁,湖北
好死喵,381771501,青成H,青成H,四川
粿楠骂的就是你,2574988927,Akali_Kaisa0,Akali_Tay,福建
死,3910188687,Asonglinc,柚月酱,日本
牛魔施乐,2818734064,吉带八荒捏,-八/荒-,吉林
3,2489772264,吴骚骚灬,喝冰可乐🐴,广东
滚,4141974824,Jack20060303,anon7473,上海
我好想看到过也是一个公众号上疫情一直有个人去会所的，不会是你吧,1682262581,呵呵呵大害死,✨咻✨,广东
史啊史啊,2720744029,十年唯爱瓶邪,我不是舔狗℡,陕西
拉黑那段真没绷住,2382582616,XXyn5,A1easy,江苏
好似,2450211337,hhhaefasdfASf,hhhaefasdfASf,江西
该,4583202041,prince墨锦倾城,101.1,辽宁
好似,2079264160,zhabsehwh,zhab666,陕西
活该,1410018675,,寻取中流誓,陕西
该的,4506045979,sdadfaSDA0,Sakura最＿好了,江西
又到了我最喜欢的故事会节目了,1405100560,名字长好记啊,夜曲♬♬,四川
这事楼主得问法家，我们儒家只对人有用,4608571392,爱喀兰贸易银灰,亚圣孟子,辽宁
唉，你怎么似了,1997219719,空巷离人愁,夏虫不可语冰🧊,山东
见人，该,3526263300,wan15937522738,钉钉打卡机,四川
b脸不要,891099123,卡某人,是谁在练太极🌌,重庆
该,2516909963,akio040105,akio__,广东
🔒,3687940087,亡魂874,亡魂874,广西
3,4879719926,,狗♥,甘肃
"听说这个挺多经验的 ิۖิۣ ۣۣۖۖۖۖิۖิิۣۣۖۖิ ۖิิۣۣۖۖิۣ ۣۣۖۖۖิۖิิ ۣۣۖۖ ۖ ۣۣۖۖิ ۖิิۣۣۖۖิۣ ۣۣۖۖۖิۖิิ ۣۣۖۖ ۖ ۣۣۖۖิ ۖิิۣۣۖۖิۣ ۣۣۖۖۖิۖิิ ۣۣۖۖ ۖ ۣۣۖۖิ ۖิิۣۣۖۖิۣ ۖ~
　　　ۣۣۖۖۖิۖิิ ۣۣۖۖ ۖ ۣۣۖۖิ ۖิิۣۣۖۖۖิۖิิ ۣۣۖۖ ۖ ۣۣۖۖ ۖ ۣۣۖۖิ ۖิิۣۣۖۖิ ۖิิۣۣۖۖۖิۖิิ ۣۣۖۖ ۖ ۣۣۖۖิ ۖิิۣۣۖۖิۣۣۣۖۖۖิۖิิ ۣۣۖۖ ۖ ۣۣۖۖิ ۖิิۣۣۖۖิۣ ۣۣۖۖۖิۖิิ ۣۣۖۖ ۖ ۣۣۖۖิ ۖิิۣۣۖۖิۣ ۣۣۖۖۖิۖิิ ۣۣۖۖ ۖ ۣۣۖۖิ ۖิิۣۣۖۖิۣ ۣۣۖۖۖิ
　　　 ิۖิۣ ۣۣۖۖۖۖิۖิิۣۣۖۖิ ۖิิۣۣۖۖิۣ ۣۣۖۖۖิۖิิ ۣۣۖۖ ۖ ۣۣۖۖิ ۖิิۣۣۖۖิۣ ۣۣۖۖۖิۖิิ ۣۣۖۖ ۖ ۣۣۖۖิ ۖิิۣۣۖۖิۣ ۣۣۖۖۖิۖิิ ۣۣۖۖ ۖ ۣۣۖۖิ ۖิิۣۣۖۖิۣ ۖ
　　　ۣۣۖۖۖิۖิิ ۣۣۖۖ ۖ ۣۣۖۖิ ۖิิۣۣۖۖۖิۖิิ ۣۣۖۖ ۖ ۣۣۖۖ ۖ ۣۣۖۖิ ۖิิۣۣۖۖิ ۖิิۣۣۖۖۖิۖิิ ۣۣۖۖ ۖ ۣۣۖۖิ ۖิิۣۣۖۖิۣۣۣۖۖۖิۖิิ ۣۣۖۖ ۖ ۣۣۖۖิ ۖิิۣۣۖۖิۣ ۣۣۖۖۖิۖิิ ۣۣۖۖ ۖ ۣۣۖۖิ ۖิิۣۣۖۖิۣ ۣۣۖۖۖิۖิิ ۣۣۖۖ ۖ ۣۣۖۖิ ۖิิۣۣۖۖิۣ ۣۣۖۖۖิ
　　　上边的字超过700哦，大家用这个水吧，省空间，不然影响看帖。",6503826242,你小汁干哈,抢饭票高级保安,山东
衮出孙吧,3535990051,huangzejun6,强-欲之壶,广东
滚！！！！！！,2506535565,嘉佳wink,贴吧用户_7tMPUXP,河北
该,5530150677,,contact9,云南
活该,5113723767,SKhinix,典孝急乐蚌,天津
好似,947774500,tgcfu,tgcfu,山东
该,1799388941,上杉长不高,kkkwd,湖北
捏👩的，啥情况这是，吓我一跳还以为哪位 8U 找上门,3219805948,我能怎没名字了,点名批评😘,广东
pc好似,5522689424,,贴吧用户_GaWN5U6,陕西
好似,4290242587,lpx706692080,喜羊羊😇😇,陕西
恶心死了，好似,5046205592,璃酱_,dephnaie,山东
gkd,5430403323,汤臣一品业主06,紫驴大王,山东
3,6407049193,laklaklaklka,laklaklaklka,山东
🐭🐭真的已经改过自新了，只是现身说法教育教育大伙,3219805948,我能怎没名字了,点名批评😘,广东
你是来孙吧找骂的吗,168259068,少女化身,少女化身,河北
8U 们别顶了🐀🐀要脸,3219805948,我能怎没名字了,点名批评😘,广东
瓢虫好似,1367311746,平泽唯的吉太w,平泽唯的吉太w,湖北
好似,5569049873,那什么的凡人,那什么的凡人,湖北
好似,1060066695,丿制裁灬小朋友,Yuggoth,重庆
414谢谢,905012443,rayner德容,相花葵.,辽宁
好活，速更,1033206014,天锁橡胶螺旋丸,吔跌,重庆
好似，nt东西不死对不起这个世界,1766480600,,流浪哈士奇,河北
买壶就买壶扯什么月抛,1035324082,WayneVvv,螺旋奖牢大,河南
还好似了，之前一个复合的帖子气死我,5524321632,qwwwwwwqa,qwwwwwwqa,广东
只能说好似,4596448521,唧唧摆摆,石破天惊暴龙,宁夏
3,4172291227,冯俊杰140,达斯布雷龙,广东
fw,1613721207,ufufjbcn,1到10之间捏,湖南
3,4434939705,无敌恐龙c,无敌的8u。,江西
3,4434939705,无敌恐龙c,无敌的8u。,江西
3,4434939705,无敌恐龙c,无敌的8u。,江西
3,4434939705,无敌恐龙c,无敌的8u。,江西
该,4908635409,,独享心脏,黑龙江
好似,1203260493,hentai逃亡酱,傅立w,河北
该,1301998644,15582k,庭,辽宁
想骂你又怕被你赚了经验,2120562258,生病喝果汁,生病喝果汁,福建
滚出孙吧,3871474733,曹饮镶2F,曹饮镶2Fº,广东
孙吧中一粒老鼠屎,5046778900,源于丁镇,黑影中的理智,广东
3,2350226562,夜色落水,Ppopp,四川
如果是假的，我希望是真的，如果是真的，你赶紧去亖,1449892046,清寒夜雨冷东洲,起初🔯,江苏
乐,3544535865,O理塘丁真p,Akashi14,广东
你最好是编的,2769192216,烬5576,神出鬼没这就是我,陕西
如果是假的，我希望是真的，如果是真的，那就好似,6007971178,多元宇宙之皇,炭市街沉默的木瓜,重庆
活该,5728828136,,光也会被温暖,山东
不如米线山,2273294467,,MINLES,江苏
好好好，你给我上去,6387968527,JDMMB24,JDMMB,广西
好似,2274032043,尼德霍格S1,MAYURIლ,湖南
"
这是我的小尾巴",994698888,擼觀大帝,擼觀大帝,北京
编的吧，因为这种事分了，这都分一年多了还有聊天记录，不管怎么样，楼主好似，别拓麻男人都会犯得错误，那是你这种晚餐才会，祝你以后女朋友天天犯女人都会犯的错,5780635559,woaiwy99,习学去滚我让就我到看,河南
你说得对，但是我钟今，湖南郴州资兴人，卖号找回骗人钱，头像就是我本人,5883194057,,木子茜,河南
这边建议先跳个楼,4757757899,卡Q因捏,小伟：,广东
一眼假,2104628404,动感超人Ztime,Hhorizon19,福建
换皮改个人物是吧,2104628404,动感超人Ztime,Hhorizon19,福建
多编点不够看,1614877942,傀儡师旁边无人, 🟢  🟢   🟢 ,广西
出生楼主，你也就打**了,5351011205,磕币捕癞恩特,磕币捕癞恩特,青海
为了捣个管想象力还挺丰富,2772571841,陆秋宇啊,Ucla😂,吉林
好似,4793536775,life自己睡觉觉,水煎包°,山西
➕3,6555896258,,五五开.lun,上海
哈尔滨的曹女士跟这个剧情一样,6341164010,下雨天大梦一场,醉爱红尘,黑龙江
该,3468239899,饕餮2号9,？？？%,福建
又是这种贴，隔一下就来，撑不过三天两头总有自曝大伙不必同情直接幸灾乐祸 祝沾毒染病 艾疣梅逝,6367630240,山桥影旧,烟里看雾,江西
gkd,6330162890,茶泥蜜雪,再看—眼就会爆炸,甘肃
该,4547559649,温酒斩化腾home,我凛美如画😍,广东
活该,5219992943,qq1812644300,倪die,安徽
衮,1903795375,天空好想下雨36,重案组之🐭,山东
丢人,4277607484,petertingle15,￴五条悟,河南
3,3468001340,sanberk,ttom猫,湖北
好似,747424179,57751116yue,什么爵位啊,山东
好💩,1906086724,丶Kc7,我不记得.,四川
最大的小丑,4742105796,李佳晟2004,花开富贵😋,福建
没意思，一眼顶针,2747097494,允儿羡儿,团子、,吉林
pc该巳,4132622813,柚火烧,久，臣服于哀殿,山东
3,1751081620,刘信达鸭,及你太美↑,河北
哈哈,4816129137,海边的渡边彻,普通面包1,北京
收藏了快码加编,2011368748,suandoah,suandoah,山东
快马加编,4864025476,,一个魂😘,湖南
给8u拉了坨大的是吧,2840733664,朱朱祐樘,小独角兽🦄️,黑龙江
明天再说吧，打🦶打晕睡一觉,3219805948,我能怎没名字了,点名批评😘,广东
楼主快编吧 我好喜欢看你编的故事 看不到你编的故事我茶饭不思啊楼主 我求求你快编吧楼主 我给你磕头了楼主,671237258,绪绪宝宝98,绪绪宝宝☜,陕西
+3,2791978792,凉郁航,凉郁航,广东
"听说这个挺多经验的 ิۖิۣ ۣۣۖۖۖۖิۖิิۣۣۖۖิ ۖิิۣۣۖۖิۣ ۣۣۖۖۖิۖิิ ۣۣۖۖ ۖ ۣۣۖۖิ ۖิิۣۣۖۖิۣ ۣۣۖۖۖิۖิิ ۣۣۖۖ ۖ ۣۣۖۖิ ۖิิۣۣۖۖิۣ ۣۣۖۖۖิۖิิ ۣۣۖۖ ۖ ۣۣۖۖิ ۖิิۣۣۖۖิۣ ۖ~
　　　ۣۣۖۖۖิۖิิ ۣۣۖۖ ۖ ۣۣۖۖิ ۖิิۣۣۖۖۖิۖิิ ۣۣۖۖ ۖ ۣۣۖۖ ۖ ۣۣۖۖิ ۖิิۣۣۖۖิ ۖิิۣۣۖۖۖิۖิิ ۣۣۖۖ ۖ ۣۣۖۖิ ۖิิۣۣۖۖิۣۣۣۖۖۖิۖิิ ۣۣۖۖ ۖ ۣۣۖۖิ ۖิิۣۣۖۖิۣ ۣۣۖۖۖิۖิิ ۣۣۖۖ ۖ ۣۣۖۖิ ۖิิۣۣۖۖิۣ ۣۣۖۖۖิۖิิ ۣۣۖۖ ۖ ۣۣۖۖิ ۖิิۣۣۖۖิۣ ۣۣۖۖۖิ
　　　 ิۖิۣ ۣۣۖۖۖۖิۖิิۣۣۖۖิ ۖิิۣۣۖۖิۣ ۣۣۖۖۖิۖิิ ۣۣۖۖ ۖ ۣۣۖۖิ ۖิิۣۣۖۖิۣ ۣۣۖۖۖิۖิิ ۣۣۖۖ ۖ ۣۣۖۖิ ۖิิۣۣۖۖิۣ ۣۣۖۖۖิۖิิ ۣۣۖۖ ۖ ۣۣۖۖิ ۖิิۣۣۖۖิۣ ۖ
　　　ۣۣۖۖۖิۖิิ ۣۣۖۖ ۖ ۣۣۖۖิ ۖิิۣۣۖۖۖิۖิิ ۣۣۖۖ ۖ ۣۣۖۖ ۖ ۣۣۖۖิ ۖิิۣۣۖۖิ ۖิิۣۣۖۖۖิۖิิ ۣۣۖۖ ۖ ۣۣۖۖิ ۖิิۣۣۖۖิۣۣۣۖۖۖิۖิิ ۣۣۖۖ ۖ ۣۣۖۖิ ۖิิۣۣۖۖิۣ ۣۣۖۖۖิۖิิ ۣۣۖۖ ۖ ۣۣۖۖิ ۖิิۣۣۖۖิۣ ۣۣۖۖۖิۖิิ ۣۣۖۖ ۖ ۣۣۖۖิ ۖิิۣۣۖۖิۣ ۣۣۖۖۖิ
　　　上边的字超过700哦，大家用这个水吧，省空间，不然影响看帖。",4050853946,kirito07294,ㅤkirito,湖北
自己🦌得了,6555592464,逢坂大河是勇者,友利奈绪是勇者,山东
活该,3381752965,都是猪33,桐阴月已西,山东
烦啊，我烦烦烦,3219805948,我能怎没名字了,点名批评😘,广东
3,1069682216,ice魔尊,向阳g,山西
3,2796623231,52yls5,大头头头,湖南
该,5622404353,,贴吧用户_GR2yGAQ,山东
好活，给我整笑了,925926107,q灬神,q灬神,江西
好,173759888,771549864,早起吃饭噜,广东
好活,173759888,771549864,早起吃饭噜,广东
看乐了，很有节目效果,1662030575,怪我太机,mazako😳,北京
出生,2074636194,,🥵赛,陕西
该,1434760647,Whisky碎冰,贴吧用户_QtE4P9R,江苏
3,5913592440,暮年金乌骂天帝,天源界落魄山胆识仙蛊,辽宁
参考文献呢,832052534,变得呆一点,变得呆一点,河南
赶紧编,656212601,BADFOX998,BADFOX998,上海
"gun吧
祝你开心",4559076590,落雨听琴i,Sakura🐭🐭,江苏
"🐀🐀和 npy 是朋友介绍认识的，相处下来也有差不多两年了。
🐀🐀永远忘不了两年前那个夜晚，当时是疫情封的很厉害，🐀🐀的几个狐朋狗友又刚好来到🐀🐀这里，晚上他们拉🐭🐭去外面吃饭，好像是一家叫贞姨美食的店，🐀🐀因为一些原因不是很能喝酒，没怎和，他们喝大了就开始和🐭🐭讨论 npy 的事情，问到一些很私密的问题的时候，🐭🐭说没有干过（以前🐭🐭觉得婚前不能搞这些、现在也是这么认为），然后这些狐朋狗友就开始嘲笑🐭🐭，笑🐭🐭是➗♂，🐭🐭也很生气，就反驳“我越国的时候🐔💩比你吃过的饭还多”，不曾想他们笑的更欢了，🐭🐭也被愤怒冲昏了头脑，也知道附近有地方搞这种东西，就偷偷月想在这些狐朋狗友面前充一次大爷",3219805948,我能怎没名字了,点名批评😘,广东
gkd,3533915831,KONG_K7,贴吧用户_54tJ2Ve,天津
3,2407014664,joe123abc,慧&根,江苏
分手的时候🐭🐭也很懵，不管怎么说，两年感情还见过家长，说散就散了，一点回旋的余地都没有。感情就是这样子，有一个原因无法接受随时散场，有人能忍受➕💥，有人不能；有人可以接受临时➕🥦🍐，有人不能。但不管怎么说，🐭🐭本身的行为就是一坨💩，一辈子洗不掉的💩。,3219805948,我能怎没名字了,点名批评😘,广东
小头控制大头，好似,3073856659,1726634622zhy,1726634622zhy,湖南
快马加鞭,5499815304,kdthemore,kdthemore,湖南
编牛魔b呢,4285980418,我寄秋风与明月,网络蛆虫,上海
真的活该,3187145469,乐观的dgfdjy,乐观的dgfdjy,广东
cy,5996792849,,贴吧用户_GWMCbS2,广东
3,93454135,金不挂,贴吧用户_07K5CKe,上海
3,2954041225,,贴吧用户_7EQJG34,广东
好似,2888230381,WE荣_光,瞎说🐵🐵周作人,山东
好似,1556194342,角度弟弟就是,阳zlzლ,江西
会编。,1533901012,媛神slm,神秘刷帖男,湖北
3,4796216554,,鼠鼠陈某,广东
牛波一,3444444265,寡妇村泽儿,近我者帅,新疆
@√√√√ban 逆天,3439292567,闪电球3764,Liyuuu,广西
lkd，该,1318868674,与冬12138,Hisako,福建
搞快点,6337668108,李老师在打团,李老师在打团,新疆
滚,6051613852,Madeleline0, Shelby ,江苏
3,6072064458,餓叒,CC英语,江苏
好似,6012834534,,单纯爱大飞👼🏻,云南
朴就说朴，说什么🈷,4119342637,善良的zzzer,塘理丁真,湖北
你跟xxn的区别是你多个🐤,4577755164,星舰工程师,Misha,陕西
@哒哒哒-JPG,947900860,EnatsuU,怎么了又破防,山西
🐭🐭被👮♂️逮捕之后送去了方舱，新冠康复之后🐭🐭就去🍊🍐投案自首了，当时是想着拘留几天好好改造重新做人，👮♂️看🐭🐭是初犯就罚了🐭🐭两百块，把🐭🐭赶了出去，不管🐭🐭怎么说就是不让住几天,3219805948,我能怎没名字了,点名批评😘,广东
屑,2050263348,林北du你的卡撑,当时只道是寻常^,陕西
"你快打个jio
轻轻的来，快快的走",4041458478,名字难取就编,状态不佳！前进,江苏
😅我真笑死了😂,1456483471,是对方为对方6,沙卡拉卡😫,英国
cy,796687294,丶丶丶泛泛,丶丶丶泛泛,安徽
3,2506827340,谁能帮我啊呀,像个小菜似的,四川
3,4440516352,铃木纤沫沫,重生之毁灭世界,广东
"那你活该
轻轻的来，快快的走",4041458478,名字难取就编,状态不佳！前进,江苏
好似,1605935857,xuc320826,114514🐔,上海
别睡！继续！,5792868223,yydscty,贴吧用户_GUX64NC,江苏
后来呢,1331394336,druant035,Durant035,山西
我去小红书捡💩都不一定能捡到你这坨,2594779226,gcssy54,😋🤗😋🤗,黑龙江
cy,1071266664,q1232654,因缺,江苏
你是真该4啊,4051963206,sakurakr,sjwnh,广西
该,2139941874,咸蛋超人没盐,青木堂堂主💢,四川
该，不值得同情,2416747677,冰清水月心,指引树,福建
两年异地。这还谈毛线呢。,4389282875,羔羊羔羊lamb,跑路羔羊,广东
3,5735297436,北海北海0,贴吧用户_GtDbUU3,广西
3,5735297436,北海北海0,贴吧用户_GtDbUU3,广西
好似,4599037430,梦梦爱里里,Restless.,江苏
小号这么多,4345146943,66的闲漪饭呀,周杰伦,广东
3,4812578336,小熊曼巴,熊曼巴,山东
33333333,4810532055,,Atlantisᨐ,山东
"3
我只能在这里讲最真实的话 因为我不认识你们",4604281436,不良帅1688,大唐不良帅,上海
"3
我只能在这里讲最真实的话 因为我不认识你们",4604281436,不良帅1688,大唐不良帅,上海
"3
我只能在这里讲最真实的话 因为我不认识你们",4604281436,不良帅1688,大唐不良帅,上海
"3
我只能在这里讲最真实的话 因为我不认识你们",4604281436,不良帅1688,大唐不良帅,上海
"3
我只能在这里讲最真实的话 因为我不认识你们",4604281436,不良帅1688,大唐不良帅,上海
乐,2873789856,,贴吧用户_7VXV5PS,江苏
"听说这个挺多经验的 ิۖิۣ ۣۣۖۖۖۖิۖิิۣۣۖۖิ ۖิิۣۣۖۖิۣ ۣۣۖۖۖิۖิิ ۣۣۖۖ ۖ ۣۣۖۖิ ۖิิۣۣۖۖิۣ ۣۣۖۖۖิۖิิ ۣۣۖۖ ۖ ۣۣۖۖิ ۖิิۣۣۖۖิۣ ۣۣۖۖۖิۖิิ ۣۣۖۖ ۖ ۣۣۖۖิ ۖิิۣۣۖۖิۣ ۖ~
　　　ۣۣۖۖۖิۖิิ ۣۣۖۖ ۖ ۣۣۖۖิ ۖิิۣۣۖۖۖิۖิิ ۣۣۖۖ ۖ ۣۣۖۖ ۖ ۣۣۖۖิ ۖิิۣۣۖۖิ ۖิิۣۣۖۖۖิۖิิ ۣۣۖۖ ۖ ۣۣۖۖิ ۖิิۣۣۖۖิۣۣۣۖۖۖิۖิิ ۣۣۖۖ ۖ ۣۣۖۖิ ۖิิۣۣۖۖิۣ ۣۣۖۖۖิۖิิ ۣۣۖۖ ۖ ۣۣۖۖิ ۖิิۣۣۖۖิۣ ۣۣۖۖۖิۖิิ ۣۣۖۖ ۖ ۣۣۖۖิ ۖิิۣۣۖۖิۣ ۣۣۖۖۖิ
　　　 ิۖิۣ ۣۣۖۖۖۖิۖิิۣۣۖۖิ ۖิิۣۣۖۖิۣ ۣۣۖۖۖิۖิิ ۣۣۖۖ ۖ ۣۣۖۖิ ۖิิۣۣۖۖิۣ ۣۣۖۖۖิۖิิ ۣۣۖۖ ۖ ۣۣۖۖิ ۖิิۣۣۖۖิۣ ۣۣۖۖۖิۖิิ ۣۣۖۖ ۖ ۣۣۖۖิ ۖิิۣۣۖۖิۣ ۖ
　　　ۣۣۖۖۖิۖิิ ۣۣۖۖ ۖ ۣۣۖۖิ ۖิิۣۣۖۖۖิۖิิ ۣۣۖۖ ۖ ۣۣۖۖ ۖ ۣۣۖۖิ ۖิิۣۣۖۖิ ۖิิۣۣۖۖۖิۖิิ ۣۣۖۖ ۖ ۣۣۖۖิ ۖิิۣۣۖۖิۣۣۣۖۖۖิۖิิ ۣۣۖۖ ۖ ۣۣۖۖิ ۖิิۣۣۖۖิۣ ۣۣۖۖۖิۖิิ ۣۣۖۖ ۖ ۣۣۖۖิ ۖิิۣۣۖۖิۣ ۣۣۖۖۖิۖิิ ۣۣۖۖ ۖ ۣۣۖۖิ ۖิิۣۣۖۖิۣ ۣۣۖۖۖิ
　　　上边的字超过700哦，大家用这个水吧，省空间，不然影响看帖。",6383226304,,贴吧用户_GyR6b9S,云南
线上办公,1405436827,Warrell,Warrell,陕西
丢人现眼的东西，你真把孙吧当厕所了？,5601369255,洪世贤大暖男,洪世大暖男,江苏
你说的对......但是,6064838363,诗书五经五纬,只有功名利禄,上海
好似，怎么没得艾,6613451490,睡醒再睡会儿,睡醒再睡会儿,天津
经典男人都会犯的错，你就是个够吧,4714307698,三千一世界EX,三千一世界EX,
逆天,6105946369,,笑川吧顶级乐子,
3,6019033734,wx行行行,wx行行行,
3,6019033734,wx行行行,wx行行行,
3,6019033734,wx行行行,wx行行行,
，,6019033734,wx行行行,wx行行行,
月抛 是啥？隐形眼镜不是日抛吗？,155023391,wyxleolucky,wyxleolucky,
3,6608403672,,Yuki是什么优希,
好死,2009729437,处女座剑姬King,FORTUNATE ,
3,4615239688,,梦花火,
gkd,6464977938,,ADNA,
好似，快马加编,5855201926,i知世就是力量i,玉茗⁠⁡⁣​,
，,1589335470,246810zjl999,贴吧用户_QZ1MVP9,
3,6538340743,同分异构go,她用姨妈片我是雏,
好水,5993821393,,长方体火箭背包,
3,5047610320,曲奇O_o,曲奇O_o,
3,5047610320,曲奇O_o,曲奇O_o,
3,5047610320,曲奇O_o,曲奇O_o,
3,5047610320,曲奇O_o,曲奇O_o,
gkd,5741090609,拼装宇,Pzy~,
快马加鞭,3414583635,陈辛天蝎,凉北离歌,
3,5463270043,干活好尴尬111,贴吧用户_G78GEXN,
出身啊,1765763670,Obama_hmc,F__k Off,
3,1752428739,等待梦中邂逅,再用力一点,
3,6010723432,,贴吧用户_GbaAe5A,
3,4539900899,cheng0201w,澄澄澄丶,福建
3,4539900899,cheng0201w,澄澄澄丶,福建
3,4539900899,cheng0201w,澄澄澄丶,福建
3,4539900899,cheng0201w,澄澄澄丶,福建
经典小头控制大头,4057672100,发过去看,🍁Ж,山西
3,5565659036,大耳朵朵图图图,大耳朵朵图图图,安徽
3,6463480838,GK咸鱼116,GK咸鱼116,湖北
3,5709052677,Zc21725,Zc21725,河北
3,5709052677,Zc21725,Zc21725,河北
3,5709052677,Zc21725,Zc21725,河北
3,5709052677,Zc21725,Zc21725,河北
你这不活该?,1505758160,gggo1314,不知道🤗,吉林
管不住下半身是这样的,3474930588,祁画time,祁画time,广东
3,6309478773,奇葩吃药,贴吧用户_G3QJS1V,湖北
"听说这个挺多经验的 ิۖิۣ ۣۣۖۖۖۖิۖิิۣۣۖۖิ ۖิิۣۣۖۖิۣ ۣۣۖۖۖิۖิิ ۣۣۖۖ ۖ ۣۣۖۖิ ۖิิۣۣۖۖิۣ ۣۣۖۖۖิۖิิ ۣۣۖۖ ۖ ۣۣۖۖิ ۖิิۣۣۖۖิۣ ۣۣۖۖۖิۖิิ ۣۣۖۖ ۖ ۣۣۖۖิ ۖิิۣۣۖۖิۣ ۖ~
　　　ۣۣۖۖۖิۖิิ ۣۣۖۖ ۖ ۣۣۖۖิ ۖิิۣۣۖۖۖิۖิิ ۣۣۖۖ ۖ ۣۣۖۖ ۖ ۣۣۖۖิ ۖิิۣۣۖۖิ ۖิิۣۣۖۖۖิۖิิ ۣۣۖۖ ۖ ۣۣۖۖิ ۖิิۣۣۖۖิۣۣۣۖۖۖิۖิิ ۣۣۖۖ ۖ ۣۣۖۖิ ۖิิۣۣۖۖิۣ ۣۣۖۖۖิۖิิ ۣۣۖۖ ۖ ۣۣۖۖิ ۖิิۣۣۖۖิۣ ۣۣۖۖۖิۖิิ ۣۣۖۖ ۖ ۣۣۖۖิ ۖิิۣۣۖۖิۣ ۣۣۖۖۖิ
　　　 ิۖิۣ ۣۣۖۖۖۖิۖิิۣۣۖۖิ ۖิิۣۣۖۖิۣ ۣۣۖۖۖิۖิิ ۣۣۖۖ ۖ ۣۣۖۖิ ۖิิۣۣۖۖิۣ ۣۣۖۖۖิۖิิ ۣۣۖۖ ۖ ۣۣۖۖิ ۖิิۣۣۖۖิۣ ۣۣۖۖۖิۖิิ ۣۣۖۖ ۖ ۣۣۖۖิ ۖิิۣۣۖۖิۣ ۖ
　　　ۣۣۖۖۖิۖิิ ۣۣۖۖ ۖ ۣۣۖۖิ ۖิิۣۣۖۖۖิۖิิ ۣۣۖۖ ۖ ۣۣۖۖ ۖ ۣۣۖۖิ ۖิิۣۣۖۖิ ۖิิۣۣۖۖۖิۖิิ ۣۣۖۖ ۖ ۣۣۖۖิ ۖิิۣۣۖۖิۣۣۣۖۖۖิۖิิ ۣۣۖۖ ۖ ۣۣۖۖิ ۖิิۣۣۖۖิۣ ۣۣۖۖۖิۖิิ ۣۣۖۖ ۖ ۣۣۖۖิ ۖิิۣۣۖۖิۣ ۣۣۖۖۖิۖิิ ۣۣۖۖ ۖ ۣۣۖۖิ ۖิิۣۣۖۖิۣ ۣۣۖۖۖิ
　　　上边的字超过700哦，大家用这个水吧，省空间，不然影响看帖。",5991426940,,贴吧用户_GW2N8N3,江苏
3,2358120383,666强煎饭,兄弟，过来打球,广东
好似,2125144292,系鼠鼠我捏,查布多·德勒,广东
3,2384262483,XQ寒星,XQ寒星,福建
点了,2455345273,yanbowen0808,Tick🐒,上海
3,4678723801,vljboat,ran☁️,河南
3,6468544475,罗密欧与猪双子,翻斗花园的樱岛麻衣,江西
3,6468544475,罗密欧与猪双子,翻斗花园的樱岛麻衣,江西
3,6468544475,罗密欧与猪双子,翻斗花园的樱岛麻衣,江西
3,6468544475,罗密欧与猪双子,翻斗花园的樱岛麻衣,江西
3,5232320447,_醜奴兒,«醜»,广东
3,5232320447,_醜奴兒,«醜»,广东
3,5232320447,_醜奴兒,«醜»,广东
3,5232320447,_醜奴兒,«醜»,广东
3,5232320447,_醜奴兒,«醜»,广东
好似,6318145329,素质迷阿x,素质迷,河南
好似,1605531416,祢泠子,阿塞萝拉家的谜拟Q,江苏
3,3263499658,张大帅比嘿嘿嘿,贴吧用户_5QAt5Ut,浙江
我的天,2666072521,救兵看,救兵看,广东
3,4660056392,,Terre1,江西
3,4660056392,,Terre1,江西
3,4660056392,,Terre1,江西
3,4660056392,,Terre1,江西
3,4660056392,,Terre1,江西
下头男，给你挂xhs了,3525638076,,贴吧用户_5474DD3,天津
3,4280573557,云深不见月A,新叶猫,吉林
一眼编,3437653775,邓可波罗666,Montreal,湖北
"听说这个挺多经验的 ิۖิۣ ۣۣۖۖۖۖิۖิิۣۣۖۖิ ۖิิۣۣۖۖิۣ ۣۣۖۖۖิۖิิ ۣۣۖۖ ۖ ۣۣۖۖิ ۖิิۣۣۖۖิۣ ۣۣۖۖۖิۖิิ ۣۣۖۖ ۖ ۣۣۖۖิ ۖิิۣۣۖۖิۣ ۣۣۖۖۖิۖิิ ۣۣۖۖ ۖ ۣۣۖۖิ ۖิิۣۣۖۖิۣ ۖ~
　　　ۣۣۖۖۖิۖิิ ۣۣۖۖ ۖ ۣۣۖۖิ ۖิิۣۣۖۖۖิۖิิ ۣۣۖۖ ۖ ۣۣۖۖ ۖ ۣۣۖۖิ ۖิิۣۣۖۖิ ۖิิۣۣۖۖۖิۖิิ ۣۣۖۖ ۖ ۣۣۖۖิ ۖิิۣۣۖۖิۣۣۣۖۖۖิۖิิ ۣۣۖۖ ۖ ۣۣۖۖิ ۖิิۣۣۖۖิۣ ۣۣۖۖۖิۖิิ ۣۣۖۖ ۖ ۣۣۖۖิ ۖิิۣۣۖۖิۣ ۣۣۖۖۖิۖิิ ۣۣۖۖ ۖ ۣۣۖۖิ ۖิิۣۣۖۖิۣ ۣۣۖۖۖิ
　　　 ิۖิۣ ۣۣۖۖۖۖิۖิิۣۣۖۖิ ۖิิۣۣۖۖิۣ ۣۣۖۖۖิۖิิ ۣۣۖۖ ۖ ۣۣۖۖิ ۖิิۣۣۖۖิۣ ۣۣۖۖۖิۖิิ ۣۣۖۖ ۖ ۣۣۖۖิ ۖิิۣۣۖۖิۣ ۣۣۖۖۖิۖิิ ۣۣۖۖ ۖ ۣۣۖۖิ ۖิิۣۣۖۖิۣ ۖ
　　　ۣۣۖۖۖิۖิิ ۣۣۖۖ ۖ ۣۣۖۖิ ۖิิۣۣۖۖۖิۖิิ ۣۣۖۖ ۖ ۣۣۖۖ ۖ ۣۣۖۖิ ۖิิۣۣۖۖิ ۖิิۣۣۖۖۖิۖิิ ۣۣۖۖ ۖ ۣۣۖۖิ ۖิิۣۣۖۖิۣۣۣۖۖۖิۖิิ ۣۣۖۖ ۖ ۣۣۖۖิ ۖิิۣۣۖۖิۣ ۣۣۖۖۖิۖิิ ۣۣۖۖ ۖ ۣۣۖۖิ ۖิิۣۣۖۖิۣ ۣۣۖۖۖิۖิิ ۣۣۖۖ ۖ ۣۣۖۖิ ۖิิۣۣۖۖิۣ ۣۣۖۖۖิ
　　　上边的字超过700哦，大家用这个水吧，省空间，不然影响看帖。",4985528868,轻寒风剪剪丶,-风清夏▫,广东
要是真的可有点丢人了 偷吃还坦白你不配偷吃,1465353138,阳江音乐人,乡下的老牛,广东
3,4683331306,春风去梦你,春风如梦你▫,上海
3,1627073084,乱世丿丶乐,乱世丿丶乐,福建
3,1627073084,乱世丿丶乐,乱世丿丶乐,福建
3,1627073084,乱世丿丶乐,乱世丿丶乐,福建
3,1627073084,乱世丿丶乐,乱世丿丶乐,福建
3,1627073084,乱世丿丶乐,乱世丿丶乐,福建
gkd,6513491057,,(｡･ω･｡)ﾉ哈,湖北
大快人心,1582477264,shineking08,莱昂纳闷😜,福建
速度速度,3915746837,防御的憨憨,铁桶王八阵,浙江
有节目效果,1582477264,shineking08,莱昂纳闷😜,福建
3,4819936156,,aZXXE33,广东
没脸没皮,2973078937,ying浮生一梦,Oliv.,山西
好似,910125820,诉我手机,-230℃,湖南
出生,896611632,等待我的拉普达,该用户已被封禁！,山东
好似,3005125403,卡的不是很顿,卡的不是很顿,湖北
3,6606866961,ta说行云了,ta说行云了,山东
3,6606866961,ta说行云了,ta说行云了,山东
3,6606866961,ta说行云了,ta说行云了,山东
3,6606866961,ta说行云了,ta说行云了,山东
3,6606866961,ta说行云了,ta说行云了,山东
3,6606866961,ta说行云了,ta说行云了,山东
3,5569440157,yongw8oo,yongw8oo,广东
她现在哪还有理由指责你,608324846,喜欢你的三亩地,喜欢你的三亩地,河南
活该,4506981628,纯野男孩贾一乐,纯野男孩贾一乐,安徽
3,453184692,延迟╰那段伤,在下小弱鸡i-,江苏
3,5689692604,,贴吧用户_G4W5XP3,山东
3,5689692604,,贴吧用户_G4W5XP3,山东
3,3570076192,赛巴斯一米六,萝卜子大厨,辽宁
3,5791707531,白嫖怪28,青春内个梦机魂螺旋桨,黑龙江
3,5791707531,白嫖怪28,青春内个梦机魂螺旋桨,黑龙江
3,5791707531,白嫖怪28,青春内个梦机魂螺旋桨,黑龙江
3,5791707531,白嫖怪28,青春内个梦机魂螺旋桨,黑龙江
3,5791707531,白嫖怪28,青春内个梦机魂螺旋桨,黑龙江
你能不能去shi呀,3022832909,l903405409,厚积薄发😁☞,广东
3,5162119172,srker1,风响d,陕西
🙃,5162119172,srker1,风响d,陕西
3,5162119172,srker1,风响d,陕西
3,5162119172,srker1,风响d,陕西
3,5162119172,srker1,风响d,陕西
路过的吐口痰再走。,6378189153,吸血波比0,吸血波比0,贵州
3,2066323394,4睡醒了,立花🐭,山东
3,2066323394,4睡醒了,立花🐭,山东
3,2066323394,4睡醒了,立花🐭,山东
3,2294090948,辟邪17,辟邪17,浙江
3,2294090948,辟邪17,辟邪17,浙江
哦,2675162676,翻斗花园健康哥,满仓.,重庆
3,2294090948,辟邪17,辟邪17,浙江
3,2294090948,辟邪17,辟邪17,浙江
3,4776935059,,N★,山东
好似,5727547722,,孙笑  川次郎,北京
好编,6437490095,九天玄女1444,大猪6088,重庆
man what can I say？,4129429459,肖消晓,对的对的☜,宁夏
有女朋友还干出这种事？活该好吧,5694939822,,妨碍咱的,四川
3,2797717578,W心空空空,W空空空,河南
3,5050010092,妧妧爱倒灌,蒽蒽蒽蒽蒽蒽蒽,甘肃
迪嫩,934731989,,贴吧用户_0NNPEJV,上海
3,4864093949,,Mikey🤗,山东
出生,5023194170,还算不错22,小雨转晴o.0,广东
nc一个,1881510558,靓语之殇,靓语之殇,山东
该,4187835576,爱拍学生,5tudent,陕西
当然如果你是编的骗吧友高潮，那更是罪加一等,835174137,panamaz,panamaz,
细说月抛,6535296066,临安初雨春意浓,临安初雨春意浓,广东
这都24年了……你还在说22年的故事，记得清吗哥们儿……,862151680,处女座的情调,处女座的情调,江西
牛批,3069202482,北辰幕希,叮咚小圆帽,安徽
建议改名米线山,2273660359,rhdgb,真是太好玩啦🤗,河南
好似,2307110795,热情的色规划,奥利给老八,广东
破案了，玩原神玩的,3219805948,我能怎没名字了,点名批评😘,广东
3,4530458308,liw_Yue,李文月,山东
"听说这个挺多经验的 ิۖิۣ ۣۣۖۖۖۖิۖิิۣۣۖۖิ ۖิิۣۣۖۖิۣ ۣۣۖۖۖิۖิิ ۣۣۖۖ ۖ ۣۣۖۖิ ۖิิۣۣۖۖิۣ ۣۣۖۖۖิۖิิ ۣۣۖۖ ۖ ۣۣۖۖิ ۖิิۣۣۖۖิۣ ۣۣۖۖۖิۖิิ ۣۣۖۖ ۖ ۣۣۖۖิ ۖิิۣۣۖۖิۣ ۖ~
　　　ۣۣۖۖۖิۖิิ ۣۣۖۖ ۖ ۣۣۖۖิ ۖิิۣۣۖۖۖิۖิิ ۣۣۖۖ ۖ ۣۣۖۖ ۖ ۣۣۖۖิ ۖิิۣۣۖۖิ ۖิิۣۣۖۖۖิۖิิ ۣۣۖۖ ۖ ۣۣۖۖิ ۖิิۣۣۖۖิۣۣۣۖۖۖิۖิิ ۣۣۖۖ ۖ ۣۣۖۖิ ۖิิۣۣۖۖิۣ ۣۣۖۖۖิۖิิ ۣۣۖۖ ۖ ۣۣۖۖิ ۖิิۣۣۖۖิۣ ۣۣۖۖۖิۖิิ ۣۣۖۖ ۖ ۣۣۖۖิ ۖิิۣۣۖۖิۣ ۣۣۖۖۖิ
　　　 ิۖิۣ ۣۣۖۖۖۖิۖิิۣۣۖۖิ ۖิิۣۣۖۖิۣ ۣۣۖۖۖิۖิิ ۣۣۖۖ ۖ ۣۣۖۖิ ۖิิۣۣۖۖิۣ ۣۣۖۖۖิۖิิ ۣۣۖۖ ۖ ۣۣۖۖิ ۖิิۣۣۖۖิۣ ۣۣۖۖۖิۖิิ ۣۣۖۖ ۖ ۣۣۖۖิ ۖิิۣۣۖۖิۣ ۖ
　　　ۣۣۖۖۖิۖิิ ۣۣۖۖ ۖ ۣۣۖۖิ ۖิิۣۣۖۖۖิۖิิ ۣۣۖۖ ۖ ۣۣۖۖ ۖ ۣۣۖۖิ ۖิิۣۣۖۖิ ۖิิۣۣۖۖۖิۖิิ ۣۣۖۖ ۖ ۣۣۖۖิ ۖิิۣۣۖۖิۣۣۣۖۖۖิۖิิ ۣۣۖۖ ۖ ۣۣۖۖิ ۖิิۣۣۖۖิۣ ۣۣۖۖۖิۖิิ ۣۣۖۖ ۖ ۣۣۖۖิ ۖิิۣۣۖۖิۣ ۣۣۖۖۖิۖิิ ۣۣۖۖ ۖ ۣۣۖۖิ ۖิิۣۣۖۖิۣ ۣۣۖۖۖิ
　　　上边的字超过700哦，大家用这个水吧，省空间，不然影响看帖。",3921041928,,雅过敏😇,浙江
你都偷偷月抛了我还能说什么,2403667812,才不是NT啊,才不是NT啊,广东
3,6591022907,zzk986485710,贴吧用户_JaPMQKN236,山东
3,6591022907,zzk986485710,贴吧用户_JaPMQKN236,山东
3,6591022907,zzk986485710,贴吧用户_JaPMQKN236,山东
3,6591022907,zzk986485710,贴吧用户_JaPMQKN236,山东
3,6591022907,zzk986485710,贴吧用户_JaPMQKN236,山东
3,6591022907,zzk986485710,贴吧用户_JaPMQKN236,山东
香草,4873890611,cuberyxy,没有六便士,江苏
3,4179136430,,1VV,湖南
🥢🐴➕鞭,5674074438,kaasa555,我神秘高手,广东
好似,5993863259,零导小子,屏幕怎么黑了,江西
好死,1655477162,彡不蔚灬什么,碳烤飞鱼丸👻,四川
3,4598521771,自画像不死,贴吧用户_a4QZeD1,陕西
3,1197663372,Clever8u,塔尔塔罗斯-,湖南
3,3444338730,sheMTA,sheMTA,广东
你说得对,6321776315,zcfly10,lettazou,浙江
但是,6321776315,zcfly10,lettazou,浙江
扎不多得了,6321776315,zcfly10,lettazou,浙江
3,3444338730,sheMTA,sheMTA,广东
呃呃,6321776315,zcfly10,lettazou,浙江
3,3444338730,sheMTA,sheMTA,广东
3,3444338730,sheMTA,sheMTA,广东
一眼假,2496231167,鮽魚鮽魚,鮽魚鮽魚,广东
你真该死啊，💩,2420654096,音野桑,贴吧用户_7Aa66S6,广东
6,2479225800,okay怪咖,土生土长的土狗,广东
3,6361805071,Dhyhhd,刘楼村话事人,河南
3,6361805071,Dhyhhd,刘楼村话事人,河南
3,6361805071,Dhyhhd,刘楼村话事人,河南
3,6361805071,Dhyhhd,刘楼村话事人,河南
3,1907441598,灰涩若尘,娘娘的也很可爱捏🥵,江苏
33333,1632669489,,学高数🐴,海南
好惨啊，我很同情你,887230825,1451582279lbl,小小的也很开爱,山东
3,2319280978,非主流航哥,牧濑Tina,上海
3,2319280978,非主流航哥,牧濑Tina,上海
3,1209374531,长的帅没有错嘤,吴屁屁🐑,湖北
3,2319280978,非主流航哥,牧濑Tina,上海
3,2319280978,非主流航哥,牧濑Tina,上海
3,1209374531,长的帅没有错嘤,吴屁屁🐑,湖北
3,1209374531,长的帅没有错嘤,吴屁屁🐑,湖北
3,2428228056,64864hfkdhejxb,凕沨,云南
私了得了,2564585223,majjom,聋了吗问你玩不玩原神,广东
"听说这个挺多经验的 ิۖิۣ ۣۣۖۖۖۖิۖิิۣۣۖۖิ ۖิิۣۣۖۖิۣ ۣۣۖۖۖิۖิิ ۣۣۖۖ ۖ ۣۣۖۖิ ۖิิۣۣۖۖิۣ ۣۣۖۖۖิۖิิ ۣۣۖۖ ۖ ۣۣۖۖิ ۖิิۣۣۖۖิۣ ۣۣۖۖۖิۖิิ ۣۣۖۖ ۖ ۣۣۖۖิ ۖิิۣۣۖۖิۣ ۖ~
　　　ۣۣۖۖۖิۖิิ ۣۣۖۖ ۖ ۣۣۖۖิ ۖิิۣۣۖۖۖิۖิิ ۣۣۖۖ ۖ ۣۣۖۖ ۖ ۣۣۖۖิ ۖิิۣۣۖۖิ ۖิิۣۣۖۖۖิۖิิ ۣۣۖۖ ۖ ۣۣۖۖิ ۖิิۣۣۖۖิۣۣۣۖۖۖิۖิิ ۣۣۖۖ ۖ ۣۣۖۖิ ۖิิۣۣۖۖิۣ ۣۣۖۖۖิۖิิ ۣۣۖۖ ۖ ۣۣۖۖิ ۖิิۣۣۖۖิۣ ۣۣۖۖۖิۖิิ ۣۣۖۖ ۖ ۣۣۖۖิ ۖิิۣۣۖۖิۣ ۣۣۖۖۖิ
　　　 ิۖิۣ ۣۣۖۖۖۖิۖิิۣۣۖۖิ ۖิิۣۣۖۖิۣ ۣۣۖۖۖิۖิิ ۣۣۖۖ ۖ ۣۣۖۖิ ۖิิۣۣۖۖิۣ ۣۣۖۖۖิۖิิ ۣۣۖۖ ۖ ۣۣۖۖิ ۖิิۣۣۖۖิۣ ۣۣۖۖۖิۖิิ ۣۣۖۖ ۖ ۣۣۖۖิ ۖิิۣۣۖۖิۣ ۖ
　　　ۣۣۖۖۖิۖิิ ۣۣۖۖ ۖ ۣۣۖۖิ ۖิิۣۣۖۖۖิۖิิ ۣۣۖۖ ۖ ۣۣۖۖ ۖ ۣۣۖۖิ ۖิิۣۣۖۖิ ۖิิۣۣۖۖۖิۖิิ ۣۣۖۖ ۖ ۣۣۖۖิ ۖิิۣۣۖۖิۣۣۣۖۖۖิۖิิ ۣۣۖۖ ۖ ۣۣۖۖิ ۖิิۣۣۖۖิۣ ۣۣۖۖۖิۖิิ ۣۣۖۖ ۖ ۣۣۖۖิ ۖิิۣۣۖۖิۣ ۣۣۖۖۖิۖิิ ۣۣۖۖ ۖ ۣۣۖۖิ ۖิิۣۣۖۖิۣ ۣۣۖۖۖิ
　　　上边的字超过700哦，大家用这个水吧，省空间，不然影响看帖。",6458675818,,贴吧用户_JSZZabt,江苏
3,3203354927,lunjang,土笋冻好吃到爆了,广东
只能说好似,1373549594,avifev,玛德快乐🐭🐭,浙江
感觉lz像反串,6511212765,KevinWelt,Playder,吉林
3,5997595253,,素衣莫起风尘叹.,山东
3,5997595253,,素衣莫起风尘叹.,山东
3,5997595253,,素衣莫起风尘叹.,山东
3,5997595253,,素衣莫起风尘叹.,山东
分的好,6016004709,哦哈嗨害,哦哈嗨害,湖南
3,2563884051,kiss殇gg,玄都玉京上人,山东
快马加编,5218183787,,贴吧用户_aN69tb1,山东
串子？很难想象正常人这么逆天,2579949979,淡墨入江,🐭🐭丶🐭,上海
3,3139581578,China丶SN,徐州臭沙雕😇😇,江苏
别拿自己代表全体男性，你怎么不被新冠带走啊？挨打要立正，错了就得认，成年人了还想着只享受不负责，好似,6461941083,,默珏mj,山东
3,17596403558474,风雨飘摇燕归处,风雨飘摇燕归处,辽宁
3,17596403558474,风雨飘摇燕归处,风雨飘摇燕归处,辽宁
3,17596403558474,风雨飘摇燕归处,风雨飘摇燕归处,辽宁
3,17596403558474,风雨飘摇燕归处,风雨飘摇燕归处,辽宁
3,17596403558474,风雨飘摇燕归处,风雨飘摇燕归处,辽宁
好似,6486964282,uking50,uking50,福建
活该,5359801247,,✓,山东
我只能说好似,2780928034,,小马DJ,山东
没有比你更cs的人了,5359801247,,✓,山东
好似,1610453934,辰星晨星辰,辰星晨星辰,广东
继续编编不出来腿给你打断,2951417504,__T先森__,__T先森__,广东
字词,994645352,当冬夜渐冷Syz,两个魂喘着粗气🥵,四川
楽,4889447771,fotites,你急就你对,陕西
如果是真的就是活该，如果是假的楼主也活该，反正都该死,1258259781,忆似故人曲姿,539055814,浙江
3,2515492349,,贴吧用户_7tyyeZD,四川
3,2515492349,,贴吧用户_7tyyeZD,四川
3,2515492349,,贴吧用户_7tyyeZD,四川
3,2515492349,,贴吧用户_7tyyeZD,四川
3,2515492349,,贴吧用户_7tyyeZD,四川
3,5704806463,清风不问烟雨ya,471811912,广东
3,4912231248,我不是药神596,贴吧用户_aWUVU86,北京
怎么月抛的,931161882,坚持到底吖1,拒绝摆烂＠_＠,湖南
3,2854551334,一天之地,头疼头疼头疼11,浙江
爽了,2922550102,zxyzyf99,雪地里的白山茶,河南
好似,2656299675,千年之狐已成妖,千年之狐已成妖,广西
这么逆天的的言论真有莎✓信？,6328104326,,月胤,山西
好似,2193395073,oddisarapper,尼co拉🎀,安徽
3,6314965197,,巴克队长 ,湖北
如果是真的。我的评价是把自己埋了吧别祸害人,1135403920,7houstonrocket,Lwk😅,四川
该,3411430587,,哈哈哈哈😇👿👹,辽宁
你最好是编的,1385953955,跟我比穷谁能赢,浅右卫门佐切,山东
3,6557748887,栽沐桦,栽沐桦,湖南
啊？把lz的信息公之于众，这不算是侵犯他人隐私吗,5499975141,阅袂湖江,阅袂湖江,山西
3,3943523679,circle读,贴吧用户_5V68KtC,湖北
@隔壁谢谢谢大爷,3448752281,123456whph,隔壁谢老二,四川
好似,4438205046,还是这个十七,Craign,山东
该,2519367326,mony327,mony327,陕西
速更,1589536183,黯淡无光小星星,狂小👻,江西
约跑爽吗,644478199,偶是一只纸老虎,偶是一只纸老虎,北京
好似,1360148939,初年墨,初年墨,河南
"好似
么么哒",1182015448,拉拉爱502,常温中杯谢谢🍭,四川
你根本不是屎壳郎，你简直就是依托,2711143896,柴犬化小痴呆,薛定谔的柴犬º,广东
好似,5985345759,,贴吧用户_GWU7AJC,四川
活该,6052891357,带花鼠鼠,翰林院的红鲤鱼,广东
活该,2765222897,张MyE1,灬微风凉秋乀♀,河南
楼主什么时候似？,4087032952,crush2000abab,贴吧用户_5KKM15E,浙江
留个脚印先，这个帖子也快没了,3190949535,Andires,Luouan,广东
你兄弟让你吃屎你怎么不吃,5521275159,我无敌基尔加丹,我无敌基尔加丹,湖北
什么啥🖊,914984396,Sayonara_eri,你不用喜欢我,山西
人们从期预的诗句里选取自己心爱的意义，但诗句的最终意义是什么，我好像已经模糊了，我只记得她很漂亮，而我只是在寻找一个像她的人,1177342654,Faker927,迟归，,重庆
"更牛魔，（本帖就此完结）
应对方要求给对方打码保护对方隐私",3219805948,我能怎没名字了,点名批评😘,广东
cs,4142028434,靓靓的神仙姐姐,皮卡丘靓,宁夏
号，太好了,6305057859,BAIGUI丶,同舟共济丶,广西
楼主好似合影,6527203463,善良的君侯,善良的君侯,甘肃
"被拉黑了捏
打个🦶缓一缓",3219805948,我能怎没名字了,点名批评😘,广东
3,3464151043,张予扬2号,张予扬2号,广东
3,4967396928,梦回烟尘挽留,梦回烟尘挽留,江西
我不知道,3010894636,Cy1Sa,帖子已被删除,广东
孙笑川乐了,3989815252,乌瑟尔王V,乌瑟尔永远的圣骑士！,湖南
3,2454375765,,爱研究的小何同学,北京
一眼编,742990328,,礼堂DJ,天津
真的假的？,17596404377024,,贴吧用户_6S5DMD49S,福建
差不多得了,3987129722,铁拳公主,铁拳公主,云南
她还知道你贴吧id是吧，编的像样点，而且她为什么要给你看她妹妹的聊天，动动脑子,1315289295,真创世神,我身体很好😄,上海
一眼编。另外lz早点似哈,4040083219,膏药贴面膜,Skxnakkll,山东
3,4079657670,SADASDF傻傻的,The丷sky,山东
该,6349728483,来孙吧看戏罢了,CS1.5比原神好玩,广东
3,5476120707,,迷，幻,广东
不是疣淋滋？🐞house，老二当老大的玩意,1725082362,Stear24,寄ლლ,浙江
傻子，就说去喝酒啥都往外说你不死谁死,6591195189,yangfan2024129,贴吧用户_JaPNtQV,浙江
3,2828465906,tjq12346,长山远慕,湖北
史,4590916410,,我真无语了欸,湖南
3,4187878060,iaohouse,iaohouse,河南
3,3611430031,,乐乐乐乐乐。。乐,湖北
该,1345993799,快手ID32027506,窝小怡实名上网,山东
有些东西并不是你道歉就能原谅的，谈恋爱最基本的就是信任，你犯了一次错还是出轨，你有什么资格再要求别人再次相信你，就算你以后继续在一起，隔阂猜疑已经是无法抹去的了，赶紧分了不要再耽误人家了,2255521967,明明白白都明白,永远有点远🌌,新加坡
真该,2234404189,小甜心物语,糖炸肥鱼♤,上海
3,4605020511,百度网盘客服1,贴吧用户_a4RM7tC124,河北
