嗯嗯，好的想法，正好给大家省事了，望保持,6080824644,ya916a,阿鱼又被演了,黑龙江
又想经济依附，又想人格独立，美其名曰付出的精力和情绪价值，md我花多点钱找个🐔都比你能给的情绪价值好，为毛要让你这个寄生虫吸血,6352389443,开会vv开门,开会vv开门,广东
出来卖就直说,1045320122,Captainspin,PPT-仌,上海
肌是这样的,2621005610,北海高楼,北海高楼,江苏
少根东西说话就是硬气又不是我欠她的，要讨口子，去找她自己生物爹妈啊，让他们再用受精卵给她做一个不就好了,907112363,sky小瓶盖xx,粉红的小口耐🌝,浙江
把当j说的那么理直气壮？,2415649728,Zuehisdorff,我是一颗小坚果,广东
给她买🥁灰盒的时候我可以出全部钱,1576256145,,黑白熊w,安徽
大抵是喜欢上用B的糕潮不愿继续A了,5120099043,诸葛世黔,一念神魔👎,广东
有实力,6514211010,,贴吧用户_J7aPyJ7,上海
既要，又要,3437387463,wfaaa9,〈大声咆哮〉,广东
就A就A就A就A,1238697745,内裤大虾米,塔恩糊糊º,广西
卖批也有成本？,4394298494,,贴吧用户_a7ye15y,福建
一方面认为消费是应该的另一方面又拒绝为消费买单,6551845158,sjy34676979,sjy732912,吉林
不不不，女的应该给男的花钱，我支持女⭕，也认同♀比♂的强，妇女能顶半边天，我愿意让妇女顶整片天。,6591186694,Zsjsshh,缙云半次郎,浙江
当j确实来钱快 发点擦边拍个图包就恰大米了,670715490,悲催世界我手残,悲催世界-,天津
不是，如果是正常女性，会主动要求a的，你也不好意思去a。但你把他当g了，谁找几会和几a钱。,6557059537,,zi安,陕西
鉴定为欢乐豆扣多了隐水倒灌到脑子里了,6009274490,匡俊666,我爱玩袁慎,湖北
A不A看妹子胸怀，胸怀小的当然只能A了，胸怀大有格局的，男人负担一点没什么。当然，前提是这份胸怀必须为我敞开,74469854,xXxSeraph,月明孤影过℃,云南
哪来的烧坤，下面那张嘴没人填满无法满足就到处狂吠是吗？在这个男女平等都可以工作赚钱的年代，还能说出这种批话，大部分国家女性都同意AA到你这就变成大部分女性都反感了，当乞丐就好好当，女生付出时间精力，男生花钱不用付出时间精力？你不是鸡是什么？真想给你两耳光看看你还发不发电,6441192436,,具恋,广东
是的，在xxn的逻辑里她的一千等于两千,4143170510,MA1178440087,牛🐴吧,甘肃
确实挺不公平的，出生下面就长个atm机。搁那一躺就把钱挣了,5545316763,biliny岁月,蔡坤与鸡孰美,云南
"核心论点：我付出了时间、精力以及情绪价值比你多。
漏洞：这位女性的脑子像二极管，只能接受女性付出了这些，不承认男性也付出了这些所谓的价值。男性如果没付出你和谁谈恋爱呢，空气吗？",4526330459,,云霞生薜帷,山东
不AA那就只有AB了,2977488305,year殇痛520,柯基猫✨,浙江
下回卖的时候刚赛换成核桃，也算是补脑了,6396641373,ABCHHGHgo,昵称比女人还难取,安徽
+,6025701418,末日的未亡人,末日的未亡人,江西
确实是这样的，xxn两腿一开就可以赚超过我做牛做马干一个月的工资,6345331307,,贴吧用户_GD5Uab1,四川
不是一张🦵就来钱？职场的不公平要么靠自己，要么找老板，结果直接承认还想爆别人金币？合着当上讨口子你的地位才算高是吧,6486779414,胡仲豪是我,贴吧用户_JQtAK6M,上海
哈哈，学过因果论的都知道赚的多和花的多不成因果关系,6474571469,为撒518,yuiすごい,上海
不AA谈你🐴呢,5228199065,你人真的好嘞,JuiceKa,山东
是的，因为某些腿一张钱就来的职业者，你居然让它掏钱跟你谈恋爱，太不公平了！,19893553,448003654,風不觉,安徽
上联:十年教育，九年义务，得八丟七会6，五官不敌暮四朝三，竟考不上二本院校，一切双标，本身三观不正外加四体不勤五虚六耗，婚嫁七次，要求八十万彩礼钱来买她九色橡皮，十分荒唐下联:一生仰仗两片烂肉挑三拣四嫌五，六年攒下七块八毛，却还自称九天仙女，十人九慕，幻想八抬大轿进入七代世家喝六吆五，梦醒四顾，还在三百块的出租屋里接待着两根长短不一的客户横批:㜅暮起思乐，赴寝夜死乐,2194062851,,贴吧用户_7QUPZ65,河南
"直接叩她受不了的
小老鼠
上灯台#(哈哈)
偷吃油#(吐舌)
下不来#(泪)",6536643769,冗老师,冗老师,陕西
狗屁不通 弱质xxn给自己找借口罢了,4941062310,春日_望,春日_望,河南
我们也不支持同工同酬，因为每个人出工的素质并不一样，我们出工的成本付出并不一致，所以建议给所有女性双倍工资,5178597612,,IABVDJAK,新加坡
确实不公平啊 xxn两腿一张成百上千 男的两腿一张银镯子一带,222804670,一刀斩咬,一刀斩咬,辽宁
"鼠鼠的女朋友还主动要求aa呢，
一群啥峦xxn",1362500299,456谁说的,CarrotLee,上海
想卖直说,3477735950,钰树林峰天枰,钰树林峰天枰,江苏
"一出生就有父母帮忙买车买房,必要时再吸姐妹的血浇筑自己幸福生活的王冠,私吞姐妹彩礼后再怒骂整治彩礼",1443820372,,贴吧用户_Q1SD38X,福建
"是这样的，狗一岁等于人七岁
♀3000等于♂3w",403140175,KillerPictor,KillerPictor,广东
是劳资让你回归家庭的？,2626859057,CONAN丶AI,焕清虞,四川
我觉得她往那一躺，两腿一岔，一晚上保底四位数，谁知道她在网上露脸是为什么,6605464873,抽象的ok,抽象的ok,江苏
上桌吃饭导致的，这种东西一般我不看直接骂,17876377,yangwei428,孔圣在世☞,广东
草b付钱天经地义,461267303,电磁蚊,中非友谊地久天长❤️,北京
玛雅，我在南通打寒假工，厂里小姑娘大妈一块在流水线干活，拿的都是一样的岗位补贴和时薪，xxn其实想重点提的还是体力劳动的能力吧，她觉得xxn天生就是干轻活的吧,1423154104,無敵龍捲風,刘农1,河南
狗一岁等于人七岁,1719151455,2ez_,静定生慧,湖南
3,919964189,八度0101,无敌宝将军,山东
3,919964189,八度0101,无敌宝将军,山东
什么时候只会吃睡喝的扫珠也配谈恋爱了,6012667573,newyorkvan,newyorkvan,湖南
卖不是更轻松,6064445611,zzqDeco,丁真·砸布哆德勒,浙江
来来，给个链接，我现在感觉自己强的可怕,5546497012,流风zz白羊,流风zz白羊,陕西
既想从事服务性行业，又要树立标志性建筑。,1471333389,布吉岛哒小少年,炼狱板机◎,山东
💩不💩啊,873527918,卡西迪奥sama,卡西迪奥sss,浙江
没问题的，只要男性一直站主导地位，男女社会地位一直不会平等,4555429283,,Cloudd,湖北
我和马云在金钱的获取成本上也是不同的,2619650349,这个少年超级帅,这个少年超级帅,四川
"举黒柔两片行狗苟蝇营之事，张餐食黒冻言颠倒黑白之语
自认倾城伶俐之颜脑，真则百拙千丑之寄虫
袋无金丝纹银怨社会，实无安身立命之计谋
脑出终极幻想之画面，口流支长儿童之口水
频之除兜印勒矿肥，时无良药竖子发点
总结: 享受馈赠为应得，定义平等为特权
我们并肩看了一场烟火，夜空格外绚烂
光一闪而过，就会发现
我没有看天，你没有看我",2270976163,小吝啬234,乱星º,河北
说实话，我谈恋爱，一律都是aa，为的就是省事，不用为了钱掰扯，就少了一大摞吵架的鸡毛蒜皮事，多好。我跟前男友出去玩就是我包饭钱玩钱他包旅馆钱，俩人一人出两千块玩的爽歪歪，靠着别人给钱还得看人脸色,6563120757,内瑟喵斯,内瑟喵斯,山东
人话：乞讨,5218244782,,未闻 花名,山东
3,1120791788,龚传童,加州大床,江苏
我接受男的花的钱多一点，但最多37分，我是处对象不是扶贫。而且如果对方把这种多花钱当作理所当然，只要有一点儿类似的苗头我会立马分手。,6556148023,,贴吧用户_J5UPE4e,河南
男人付出的劳动力更多呀。,3895712504,维她命一壶茶,维她命一壶茶,浙江
不用去理解小仙女的想法。她们只需要特权。所以，反拳就行了，不要讲理，她们脑仁理解不了理。,350141049,heyB1tch,heyB1tch,广东
AA和AB二选一，情绪价值什么鬼,6391920994,SeeCikado,汤姆没有杰瑞,四川
想看到孔圣的经典语录,1164107343,soul082193,黑夜未央,北京
经济获取成本为什么不平等，男的是多个脑子还是女的少根胳膊,1622661814,Yiran嘤,不会读空气,广东
"不要物化要彩礼
不被定义",6341164010,下雨天大梦一场,醉爱红尘,黑龙江
3,2589080161,原始人7Dong,贴吧用户_7PGa9bQ,北京
**玩意，一百块就是一百块，不会因为你赚钱少就增值到两百块,1651274080,三十年如一曰,四周目的孔圣,江西
3,4966940349,摸鱼的小杨,薯薯本鼠,河北
确实不太公平，两腿一张就能轻松实现阶级跨越,6438550017,,贴吧用户_GC3Ay6Q,福建
女性早已把寄生合理化了。,700854899,无文化之国,天地同寿🔪,江苏
天才！,5055131574,灵犀互娱后期组,灵犀互娱后期组,湖南
"纯老缠
我是变态母肥控",2313165505,a54339244,奇迹行者♤,陕西
这是在找什么信徒上供吗？真当自己是神仙,98847005,游戏专业做游戏,游戏专业做游戏,广东
同工同劳≠同工同酬,6614129206,日火火子木,日火火子木,广东
3,5489600484,,贴吧用户_G5b44Ca,河北
3,3466233531,,贴吧用户_5R4VQVN,山东
人在金钱的获取成本只和个人能力与家境有关,158153084,12123434888,夏天的枕头♬,江苏
我建议她们这个群体不要谈恋爱结婚从根本上解决 我觉得我吃亏了这个问题,3275623034,qq1205917140,吾等皆死于妇人之手矣,辽宁
你不会用不等式做题？ 女生10块钱≠男生10块钱 女生10块钱≈男生1000块钱,2566182770,暗影岛的孤魂,到点了😡,广东
确实得赶紧跑，别祸害人家男生了,6330152797,你的肽键呢,20岁未解锁,浙江
3,4134791922,灿宁一,棠花梨树,江西
正常的,1453015456,麻花藤欧,白衣徐风年,浙江
拐弯抹角扯什么，直接说一晚多少钱😋,5960933591,swordnight999,swordnight999,广东
想到一篇文章《我有个P》,2922750836,达瓦里氏戒烟版,万事不求人。,上海
男人可没法往那一躺就赚钱,879013540,双子天降绅士,yukuriwood,北京
关键是还有不长脑子的去信,6606922289,电力充足啊,电力充足啊,浙江
那凭什么她一张腿就有经济来源我却不行,5268802004,六千块买3050,六千块买3050,山东
一个b真以为是印钞机啊,1517204883,vox云淡风轻,贴吧用户_QPJDPUb,湖北
固定资产随身带，走南闯北挣外快，睡完老板睡老外，投资不大见效快，两腿一夹升职快，卖过以后货还在，用水一洗接着卖，反复使用无大碍，皮不破来肉不坏，只要裤子提起来，谁说姑娘不正派！,5782374856,,无脑英雄1,湖北
关我屁事,4266564034,有红包10258,贴吧用户_5CaDJ97,河南
3,4266564034,有红包10258,贴吧用户_5CaDJ97,河南
男女生对僻的获取成本上天生就是不平等的,4530681320,,planyaº,陕西
"我想这种拿所谓“情绪价值”来换物质财富的行为，就有点类似于现在的一些聊天主播，情感主播那种感觉，就完全是把自己放在一个服务业从业人员的地位。那进一步说，如果她真的要卖自己的情绪价值，我也不反对，但是她总得把自己放在市场的自由竞争里面吧，不能在亲密关系里搞这种东西。
而且她的理论是说男的挣钱容易，挣钱多就得多给点。我的评价是她好像没搞清楚这个时代的硬通货是啥，钱不管从哪个角度看都比那个“情绪价值”要通用的多，当男的不愿意出钱的时候，她的情绪价值又准备卖给谁呢",6474162711,贴吧用户op4000,贴吧用户_JSyRE6e,江苏
我直接肘,3468909888,珍惜单身狗,牢桑,浙江
只能评价为吸血虫。,2934059062,陈苍玉,伊人何在伊人何往,四川
搞笑，我亲戚家的厂里，男女工人获得金钱的成本就是平等的，即多产多得，我一直在说，xxn总是把一些劳动女性排除在外。,675309701,熏云遮月,瑶台揽素娥,浙江
aa都不要，那我白嫖行了吧,2008948591,小智21445,小智23302,浙江
确实，♀应该多付点。,558947623,meh911bld,贴吧用户_06VQe4R,上海
乐,5801991355,奈何需要运气,奈何需要运气,上海
确实不平等。藤原拓海天天凌晨起床送豆腐赚的没夏树一晚上多,3940859228,贪玩灬型月,Meisho🐴,广东
贴吧展示预览图，第二张图一下就吸引我了。单看她第二张图，我还以为是友军。就先不说不正经职业了，前几年互联网发展的同时直播行业、虚拟现实技术也一并跟进。直播和虚拟现实一结合，女主播最大的障碍——颜值，就瞬间消失（只要不被盒出来）。其余的要求根本就不是要求，只要声音听着是个女的，流量慢慢都会找上你。本来直播，主打游戏技术的必须要时刻有游戏力，直播唱歌的必须要时刻懂音律；而现在，直播装傻整活，先拉低大家预期，再在出人意料的地方突然恢复正常就可以收获一众夸声；如果再加点热水器，带来的流量比稳定高技术的男主播大太多了。而男主播若是想靠装傻整活吸引流量，活就要整得很大，容易收获骂名不说，甚至可能把自己的生命安全搭上去。,1370717111,150亿个神经元,哇袄！！！,江苏
也就是说她觉得在同工同时情况下，女性收入生来就比男性少？这不是歧视女性？,3929850881,Sexcaliburlove,爱炮小跟班♂,黑龙江
太长了，不看,5367139698,,打铁弟子灯大豆棋谱,江苏
不是反串 我真的希望各种社交平台上 这种逆天发言多来点 随便什么博主 多发多发 直接筛选排除掉绝大部分低能 为人类的未来发展做出贡献,977971330,猛虎嗅蔷薇jf,昆山力王,上海
3,2446596612,,贴吧用户_7ADAJ6a,河南
@0731LXF 快来看逆天♀,2663896960,衣冠南渡2002,🤗🤗赢赢赢🤗,湖南
她说的是对的，但是，如何降低投入的风险呢，总不能血本无归吧。而且，不AA不意味着女方能心安理得地索取。,2592911385,朱之呐喊2,朱之呐喊2,河北
3,4175480166,张半仙870,贴吧用户_539Q21J,
这是典中典的老观点了，说实话有点跟不上版本了都,335298975,名字难取啊讨厌,Zhanq1,
欢乐豆想出来的就是不一样,3645667073,张哥学霸Messi,南方刘华强成都分强,
她这是典型的白天嘴总说β话，晚上β总吃东西，偶尔再去肛肠医院检查一下脑袋里的大肠，综上所述我国生态恢复的不错，什么物种都能容纳了,6051268369,逐洅,逐洅,
加大力度,458859788,依然非玟,出家人不打妄语,
按这个逻辑，她们应该跟富人去讲公平，而跟穷人说AA，可现实是她们都是跟富人谈感情，和穷人谈钱,19092271,PANZERSTUKA,PANZERSTUKA,
说得很好，多说点,1065158599,愿你安然无恙,贴吧用户_0Ce8QyR,
3,1359556129,扩散至周边,宝葬男骸-癌鲲,
3,5747522875,,蒲公英の约定…,
确实，她说的没错啊，能力接近，付出相同的情况下女性确实在金钱收入上有优势，应该女方多付点钱,1062063072,夯你们,夯你们,
换一个愿意接受AA制的,2599702812,MrWhite2016,贴吧用户_7PZAXA3,
搞这些，那你能不能像我家养的狗🐶一样，没事让我踹两脚，逼近狗在这个社会上拿到工资的难度更高，但没事，我养他嘛，你也一样，我养你嘛,2245456354,,贴吧用户_77DP3Z7,
双标,865257800,鹰鳩,狗中哈奇士😂,
三七开她们也不见得能接受吧,1186260095,索多玛与蛾魔拉,💢空条承太郎💢,
没本事赚钱怪男人？拉不出屎怪引力是吧,1746979393,光年希曦,贴吧用户_QX7QWWQ,
其实不该吃饭什么的，出去压马路走一圈就好这样解决矛盾了啊，非要某方多花钱是吧，aa不平等这种话都来了,787615862,我狠菜狠菜,我狠菜狠菜,
放她娘的💨，资本只看你工作赚钱的能来，凭什么你说少赚钱是因为什么性别！多捞好处的时候怎么不提自己的性别？,304296942,SylvanaswindMX,SylvanaswindMX,
男女在金钱获取成本上的确不平等，做鸡的可以卖批，躺着就有钱了，男的还得花钱,13535391,2100kk,2100kk,
女的放下身段来顶我累死累活一个月,6362349548,哇唔哦噢咔,花园花花,
男女平等，经济独立,894482315,黑钢的继承者,黑之召唤师,
确实，有些人就算是躺着也比我们赚的多,4074308938,xndnfbjxjebz,双斧fw刀哥,
我直接一句“弔你牢姆个臭嗨”,4505061066,塔利斯卡好帅,零贰02Zero,
3,4482535015,让我洋测测,让我测测洋,
3,4482535015,让我洋测测,让我测测洋,辽宁
3,4482535015,让我洋测测,让我测测洋,辽宁
3,4482535015,让我洋测测,让我测测洋,辽宁
确实不平等，干啥也没卖批来钱快,1320111528,if惊喜,if惊喜,天津
如同对彩礼的说辞，不接受不谈就是,1250167768,dfcszzz,花花不想说🍼,江西
可不是不平等吗，女的两腿一张就来钱了，男的要累死累活当牛马，所以应该女的买单,877170924,突然间啼哭,水晶焰,广西
是正确的，自然界里都是公的搭窝,832481388,大秋秋秋8,vsat01,四川
性别群体上的事情为什么要落实到我个人身上？除非群体同意出台法律我无话可说,4627810480,中国人口我来了,不甜不要你钱,河北
我也觉得男女谈恋爱不能aa男人要多承担点 但是轮不到你来教我,863671802,melancholy丶丨,melancholy丶丨,湖北
神奇的xxn啊,3349487459,张炘123,123😜😜😱😱,广东
说白了挣得少花的多,4779619404,day尼德,灌江口二郎显圣真君.,湖北
头一次见到把好吃懒做说的这么正大光明的,6456779566,苏摩OVa,苏摩Ova,上海
就怕是这种 男生有些比较辛苦的工作一天10小时还可能不止，有些女人一天干8小时上班喝茶到点下班然后说工资不平等。 不针对所有女性哦，很多女生也是很厉害的 我的领导就是女生 我很佩服他,817279315,我长的像人么_,GS球◎,浙江
《就会觉得不公平，会觉得他付出太多了》，那你也多付出点不就公平了,4121769609,8880888g,yago,河北
问问那个男的往那一躺舒舒服服就能赚大几百,6441954428,,贴吧用户_GCC6N53,广东
那么问题最后，男女平等吗？答案不会是既平等，又不平等吧？,925084913,半月小夜曲11,半月小夜曲11,四川
在职场竞争和资源掠夺上不如人那就尽快发动自己与生俱来的能力抢占先机,1442228456,one7321,htacb,广东
byd两腿一张再叫两声就直接k起步了，确实不平等,4269347463,路过的骑士233,路过的骑士233,重庆
把无耻说的如此认真。,929089043,圣光萨拉丁,热寂灭丶熵º,山西
问题是真有那种逆天软饭男,830311028,静悄悄的煮鸡手,贴吧用户_0EeN7bX,四川
我都和你没有感情基础，就是俩陌生人遇到一起，aa已经是最合理的开销方式了，不讲aa 的意思是你要把钱还给我？,572237642,武藏唐,海纶娜,上海
你这种情况就是原神玩多了，这样吧，你先退回到桌面，然后长按原神图标，会出现“卸载”两个字样，你点一下将其卸载，电脑版则是打开控制面板，找到程序和功能，点进去，在里面找到原神将其卸载，操作完之后，过几天看看有没有效果,2029929670,古剑奇刷卡锦,无内鬼👻gkd,湖南
你这种情况就是原神玩多了，这样吧，你先退回到桌面，然后长按原神图标，会出现“卸载”两个字样，你点一下将其卸载，电脑版则是打开控制面板，找到程序和功能，点进去，在里面找到原神将其卸载，操作完之后，过几天看看有没有效果,2029929670,古剑奇刷卡锦,无内鬼👻gkd,湖南
加3,4150274423,青岛大黄瓜,青岛大黄瓜,山东
这话本质上是在歧视女性啊,6399371222,冬衣Fuyuu,冬衣Fuyuu,陕西
LL,4070159724,edavid888,edavid888,河南
"事实胜于雄辩，但雌辨胜于事实，脂肪压迫了声道，大脑连接了欢乐豆，一动脑就爽死了，银地链接大脑，高朝代替思考,摘蘑菇没洗手我看是扣出幻觉了，读的书叠起来没有音醇厚，下回发言之前把紫色心情调最大档插脑子里震震，也算是说话前动了脑了",4506747684,,欲望染指青春,陕西
确实不平等，男的又不能像捎饥一样有两片肉，在满足生理需求的同时大挣特挣,5954429700,_ssssi1,嗯♂,辽宁
为什么这些人这么嚣张？是因为真的有人舔,4402361788,ypzz289617,倒计时旅行🐷,江苏
3,1246305067,Eason55351,無条件丶,上海
讲真女的长得不是特别差，去当个浴足，助教之类的，随便一个月1w多，男的想去做都做不了，,2117979452,shineAsfdd,shineAsfdd,广东
你说她提供情绪价值，她大声赞同，你反过来说由男人提供经济价值，她又要呵斥你了,2020341081,作业君10086,爱吃牛肉伙瓜,江苏
不AA她自己付是吧，毕竟她自己强调的金钱上不能AA的。说句题外话，诡辩连逻辑都搞不清的xxn如图所示,3567813263,国库空了丶嘤,观象知微🍼,甘肃
唐小雨,4113460343,儒雅的1高先生,库克牢底,河北
我赚钱不行所以你得给我花钱,3309462,愤怒的落日,愤怒的落日,广东
痧避,4181400189,亚登法印,亚登法印,河北
长的够好看，也能接受。,4192061995,月玉琉璃,月玉琉璃,四川
婚后就要回归家庭啊，怕不是婚后直接靠下面赚钱了,2058606600,,贴吧用户_QD1RMSA,天津
请不要把智商上的不平等归咎于男女间的不平等,6337739648,,一个很不错的名字,广东
简简单单又可以蹭饭了,2999963184,Millasama,Milla さま,广东
其实aa的本质是通过经济消费的平等来维持或者表达人格的平等，一般是同辈朋友之间，社会地位或许会因为经济实力而变化但朋友之间没有高低贵贱之分。又或者现在我和朋友之间都是你请我一次我请你一次，也是类似的道理。,2779996446,中英文均12121,凝眸成冰,湖北
那她应该当个🐔，🐔没有成本，腿一分就有钱，好点的还有人请客买包，更厉害的一个人同时糊弄好几个,1052216258,星love一,梦醒了爱走了😈,山东
诡计多端的穷女人是这样的，又穷又懒还诡计多端刻在了她们的骨子里，从她们出生的那一刻开始就注定这群小仙女就是一群寄生虫寄居蟹吸血鬼，小仙女的嘴脸和她们的东非大裂谷一样丑陋,4741058381,,贴吧用户_aP4Pb8P,湖南
女生腿一劈钱就来了 还有啥劣势？？,3769385318,Rocky阿鑫,Rocky阿鑫,山东
那说得好 不恋爱 直接结婚，然后婚后aa完美,587287907,yangqi0408,草莓宝儿🌝,江苏
腿一张，人一躺，钞票大把来的是谁，我不说；砖一搬，货一拉，票子攒不来的又是谁，我也不说,4712381516,,贴吧用户_aU97Z7U,上海
3,2812774762,dgggfggghff,当代女性正义之拳,重庆
不A就用B,5482296388,,投影面展开,江苏
不是AA，那就只能CB了,5600321744,锁锁我的,芝士丁针雪豹,广西
头一次看见把张腿躺着的享受活说的这么理直气壮的,4064668066,小飒moty,总有僵尸替我爱“你”,山东
夜难寐，气抖冷，明明木人麦批一天挣就顶我一个礼拜，还说挣钱成本不一样,1972208701,258风影,莱伊是前辈！,甘肃
经济依附就不要讲人格独立,1083277170,超级姣姣女神,神ლ原纱🍭,江苏
女生出门哪个不是手机计算器,3061429611,SJJ040720,梦落芳华，无人拾,湖南
它发这些其实也挺好的，虽然祸害了一部分未成年女性的三观，但也为正常人互相交往结婚提供了便利，起码男生一看对面的女的张嘴就是要钱，闭嘴就是发瘟，就知道是个女⭕，就能早日解脱了（舔狗除外，舔狗跟女⭕过一辈子吧）,1433763172,玉藻前丿鸟羽,朝武丛雨▫,湖南
3,5514437992,,独行侠侠侠侠,黑龙江
3,5514437992,,独行侠侠侠侠,黑龙江
3,5514437992,,独行侠侠侠侠,黑龙江
3,5514437992,,独行侠侠侠侠,黑龙江
3,5514437992,,独行侠侠侠侠,黑龙江
根据结论脑补论据，脑残玩意,1269454447,天不欺我,啸如虎,河南
那你请我,6457180368,TskPro,千丝折纸莺_,山西
有能力的女人自然而然会获得别人的尊敬，没能力的女人只会在网上敲键盘想一步登天,1364866237,安静7路老K,混沌魔君索伦森,内蒙古
确实不该aa，女性还能吸男的血，所以应该女的多交钱,5487961386,南方的神奇,南方的神奇,河北
确实不平等 让我想起了一首诗,6569306109,打瞌睡的大白1,贴吧用户_J5EC4CD,广东
女生生来就是爱占便宜的人格，什么好处都想要一点,110150180,xxzz752,xxzz752,广东
解铃还须系铃人，只有女权能幻想男人,5418874546,为了和平呢,苦命人老路,北京
要么aa要么ab，没毛病吧，她也没说女的没出b,563019013,劳资94水刷石,新年喜洋洋🎁,浙江
6,6410185362,大聪明992,大聪明992,广东
哪有你快啊，两腿一张不就来了,1212712917,未欣赏的篇章TK,i追梦人💯,江苏
你凭什么侮辱女性收入低，看我不冲了他,4934276461,,当街放屁,海南
不出A就出B，AB都不想出就别在这发癫,533395280,a1020352667,a1020352667,天津
我劝大家尊重xxn把自己当做fj杯的观念,5982112469,,贴吧用户_GWACWMV,河南
竟然说女性不如男性，集美们还不冲,4564291232,,jinku,湖南
纯绕惨,3799493608,尤尼塔,尤尼塔,江苏
这逼每个帖子都是这德行,1980700278,Palapalamiao12,Palamiao,广东
毕竟两腿一张就能获得男性需要努力很久才能赚到的💰,3338127936,stay小黄,贴吧用户_55ZZWWS,广东
逆大天,5522464436,xggd55,xggd55,吉林
不能AA就CB。xxn总习惯用鲍鱼代替嘴唇说话，用糕潮代替思考，千斤示以肥美。波刚见了都得叫一声姐。,6100184598,吾名曰愚者,吾名曰愚者,湖北
确实不平等啊，女的腿一张就能获得很多钱你男的可以吗,365875436,蒋博文36,奥修特尔,江苏
小红书我没下载你让我怎么网暴,1189756119,暖冬111111111,😄吴签,陕西
男的女的都不会喜欢。因为自己要花钱。,2230435750,双色锦,渤海新气象,安徽
。,6374857301,,贴吧用户_GDC2JWV,江西
本来想冲她了，愣是找不到那个帖子,4773915685,杰西猫咖啡,蓝湖居士,广东
独立女性是这样的,2449303260,你会吃苦瓜吗,还得是太刀,上海
心里有数就行了，自爆的筛除，信得筛除，一个坏一个醇，这两种本来就不适合当伴侣，除非你想不开,1157992514,天幻叶,柒七夕暮,山东
好女人啊，她都知道双腿张开来钱比男同胞累死累活来得快，太贴心了,2485782597,似她z,梦见猫的鱼c😈,广西
我a你🐴了个酬宾,5761059885,,灌注永雏塔菲🐱,河北
逆天。。,2598491953,qwer隼5678,日啖芒果好多个,北京
靠近叫犯罪预备，远离叫欲盖弥彰。多看一眼叫男性凝视，少看一眼叫弔丝意淫。职位少收女人叫男权压制，高危重体力工作干不了称自己是天生公主。打不过男生那是天生力量差距，骂不过男生就嫌对方言语肮脏。自己拉帮结派、党同伐异，却不许他人群起而攻之。嘴里喊着独立自主、挣脱桎梏，行动上却依旧当着寄生虫。将建国后“劳动最光荣’和“妇女能顶半边天”两面大旗弃之不顾，把改革开放中蓬勃发展的生命力遗失殆尽，只剩下光滑透明的大脑和捋不清逻辑的嘴。这哪是什么伟大光荣的运动，分明就是极端利己主义思潮的反扑。真是横竖两张嘴，咋说咋有理，投怀送抱八方来财，理性逻辑拒之门外，成为小丑尚不满足，引发众怒玉玉跑路😤😤😤,5431974922,TheFrankOcean,Frank.Q,四川
最有逻辑的一集,2786980637,移动硬盘福苹果,伦敦大本钟,湖北
还真不平等，毕竟有的人两腿一张，烂肉两片就能躺着赚钱,6609303827,亦坑亦怂087,亦坑亦怂087,江苏
平等是别人争取来的，是让作为弱势的一方能享受相对平等的权利，能受到尊重，而不是觉得理所应当。,2442297186,啊布居gi顾,啊布居gi顾,海南
欠shuan了,4070120311,殇成灬依,北亭,湖北
壁垒是自己造成的捏，跟咱有什么关系,3463371563,凤君子君,春日野穹啊º,吉林
我也不能接受为啥有的女生能躺着把钱赚了而我不能,4041553111,我的猫叫莱恩,我的猫叫莱恩,新疆
"大一的时候喊几个同学第一次出去玩
吃个饭，我觉得大家不太熟先aa了。
因为之前我已经搞了好几张免费电影票。
其中有个xxm回去后就各种说我坏话。
可给我气坏了。",3468879860,真正的哈斯,满地夏😄,安徽
两片烂肉拿来喂猪都嫌脏，还有脸卖这么高的价，xxn在商业行为上跟鱿鱼相比，可以说是青出于蓝而胜于蓝了。,5990560921,十里芸苔映湖心,一般路过咲夜,江苏
平等是平权，不是赚取特权，如果弱势方有了特权，那她就不是弱势方了。一边想进一步获得更多特权，一边还要强调自己是弱势方，这种一般称为既想从事特殊行业，又想树立标志性建筑。,5889593529,齐格鲁德二号机,齐格鲁德二号机,山东
3,2074851241,,迷你世界原神玩家,湖北
我感觉男女朋友花钱主要还是情绪价值重大头。我认为应该多谈谈情绪价值,3712998297,大爱翼娘,贴吧用户_59XCM3K,河北
又当又立,5965156090,张小张343,别打了投吧,广东
支持支持！男女收入成本确实不等♀发点擦边图就可以恰大米了,6605825450,,破空寒冰砍😝,湖南
你自己不会赚钱把别人也说的跟你一样，那些想认真恋爱付出的被你说的一文不值，不会赚钱哪有钱来付出？你喜欢吃屎也要逼着别人喜欢呗？什么强盗逻辑！,248491358,249020340,249020340,云南
洋大人呢,3170837058,柱国臣子,柱国臣子,山东
任何坚持性别本身的性别主义最后都会走向它的反面,2804408619,lenitav,n_o,浙江
确实，让她包了吧,2036142566,无寂之恋,无寂之恋,安徽
3,6471803511,mowenyi111,mowenyi111,四川
利己主义者是这样的,3180093506,豆瓣now,太阳下山了,河北
3,5196613051,,陈白琳,山东
3,5196613051,,陈白琳,山东
3,5196613051,,陈白琳,山东
3,5196613051,,陈白琳,山东
3,5196613051,,陈白琳,山东
烂裤裆,3129959925,二汪l,迷茫的小白.,阿联酋
。,3529389049,就打算订机票的,贴吧用户_54G3UCK,江苏
@辛秋02,4952167880,duzjz437373,我要拍电视剧 ,江西
a她码大斌,2023526691,,阿尔托莉雅的单曲,河南
难蚌,4878754441,,米米世界战神,北京
3,6462367483,,太空汽慕斯,江苏
3,6462367483,,太空汽慕斯,江苏
3,6462367483,,太空汽慕斯,江苏
3,6462367483,,太空汽慕斯,江苏
我觉得她的思想比较适合从事特殊行业,6359946648,Luluoyiye,luoye落叶,黑龙江
3,5760102836,炽河河河,炽河河河,甘肃
保持,3582979262,SHROUDok,SHROUDok,爱尔兰
她能思考出这套逻辑也挺癌症的,3518620457,shawshank29,Luckypig🔯,北京
3,6540666964,,守夜人手法信仰玩家,江西
3,6540666964,,守夜人手法信仰玩家,江西
3,5975832460,龚GG承辉,+3.14,江苏
3,5975832460,龚GG承辉,+3.14,江苏
3,5975832460,龚GG承辉,+3.14,江苏
3,5975832460,龚GG承辉,+3.14,江苏
3,5975832460,龚GG承辉,+3.14,江苏
3,5179269118,单杀前女友,鼠爷凌驾全场,四川
3,5179269118,单杀前女友,鼠爷凌驾全场,四川
3,4269080585,活宝啊啊啊213,超级无敌霸气暴龙战士,江苏
33,3506578997,65longloiuh,丨丁真丨,安徽
看见屎给兄弟们吃，不会直接上去骂吗？,6398245942,代111112222,贴吧用户_GyV8CQM,湖南
3,6524433367,,频声某,河北
3,6524433367,,频声某,河北
3,6524433367,,频声某,河北
3,6524433367,,频声某,河北
3,6524433367,,频声某,河北
把aa改一下，你知道我要说什么,2992451710,Ump9160110,pireerrr,辽宁
3,2664157616,qiyu2929,qi_yu,四川
3,5196709885,弊长双鱼,弊长,福建
活活不出个人样，死死不出个全尸，丫鬟的身子小姐的心，心比鞋跟高命比袜子薄，整天苟窝在黑不溜秋的泥坑里打滚，却总幻想自己出淤泥而不染的被捧在聚光灯下，主观意识上觉得自己高贵雍容，客观现实里其实一地鸡毛,3444758410,op死远点,vt初音ミク,河南
3,5511804561,,糯米丝儿r,浙江
3,4855869566,眼睛死宅EXC,眼睛死宅EXC,广东
3,4855869566,眼睛死宅EXC,眼睛死宅EXC,广东
3,4855869566,眼睛死宅EXC,眼睛死宅EXC,广东
3,4855869566,眼睛死宅EXC,眼睛死宅EXC,广东
3,4855869566,眼睛死宅EXC,眼睛死宅EXC,广东
3,6098564949,Jh180016,贴吧用户_GVEQP8V,浙江
3,6098564949,Jh180016,贴吧用户_GVEQP8V,浙江
这by的在说什么？女人挣钱比男人难？还是她提的时间成本精力成本情绪成本比男生高？她撒泼打滚没事儿找事儿也算成本是吧,339639739,度大家庭,度大家庭,北京
3,5999900072,,贴吧用户_GWKyPPA,江西
想当寄生虫就直说呗,949094962,tjpuxkp,枫落吴江冷,天津
不想他人定义自己，又把自己定义成没有能力赚钱的低等性别，波刚哲学家,4463526172,,T0怎么叫？,辽宁
确实不平等，毕竟她们是可以选择躺赚的群体,823679837,某路过的猫,某路过的猫,广东
3,3924297195,套路了自己98,啾咪咪咪～,河南
难蚌,2440923770,温柔全予薇妹,空山月,贵州
3,1934861447,,贴吧用户_QKVR4aR,广东
把她们当成会喘气的逼就行了,626211016,十倍王百万,多可歌可泣,天津
3,6103969852,阿祖_快收手吧,阿祖_快收手吧,山西
她们干脆承认女性就是比男性低等算了,3176630959,神临世day,神临世day,广东
确实不平等，两腿一张，小水一流，狠狠恰米,6338731877,芝士土拨鼠鼠鼠,芝士土拨鼠鼠,河北
3,4134371771,1562243427z,某木~,河北
+3,5928418211,,想嫁给宋亚轩,浙江
+3,5928418211,,想嫁给宋亚轩,浙江
+3,5928418211,,想嫁给宋亚轩,浙江
2,6394218891,求仙6,娇纾,河南
用b卖钱还不快啊,2771010537,我把萧再叹v,好想退休啊啊啊,湖南
消费主义的谎言,3939185040,莫得名字惹,sinkoi,北京
真是越活越牛逼，读的书不如自己的英淳厚，网上各个都是逆天发言家,5466595871,unAspirto,Asprito,福建
鸡言鸡语,1094634751,光速叛离,光速叛离,福建
知道男的赚钱更容易还天天同工同酬，瑙子被🫏提了,2720242939,犬来不慌50523,玩🚬神玩的,英国
3,6451778653,,贴吧用户_JSA3V7D,浙江
3,6451778653,,贴吧用户_JSA3V7D,浙江
3,6451778653,,贴吧用户_JSA3V7D,浙江
3,6451778653,,贴吧用户_JSA3V7D,浙江
3,6451778653,,贴吧用户_JSA3V7D,浙江
对于大多数下层打工人而言，讨论资源公平就像个笑话。然而别人不会怨天怨地，能做的只有靠自己，只有这些从出生就灌输别人要让她的人才会觉得别人欠她的。,746074303,无神论与妖鬼说,贴吧用户_0MR6UGC,广东
3,6367094694,鸡坤大王666,鸡坤大王666,河南
3,2854714828,,贴吧用户_7V79C9U,河北
生物爹给钱给少了,2263226453,,白哥和袄祝,江苏
然而，只有金钱才是男女交往中唯一能够量化的选项，唯一能够完全做到男女平等的选项。,4583008315,250290LX,荒野三条,河北
3,5535943361,白冰33564,♥❤️❤️,上海
3,3543563733,,Xttn1keN_,山东
3,3543563733,,Xttn1keN_,山东
3,3543563733,,Xttn1keN_,山东
3,3543563733,,Xttn1keN_,山东
“大方” “AA”,3520612319,好好哈暗,盖伦😾嘟嘟,上海
3,6024741434,吡啶是我,😋逆天😋,山东
🤣🤣🤣,3793448459,强迪压制一切,强迪压制一切,陕西
3,6387906024,,贴吧用户_Gy1CPZA,四川
3,2595788223,Beyond凡凡,共同渡过18,江苏
3,2595788223,Beyond凡凡,共同渡过18,江苏
3,2595788223,Beyond凡凡,共同渡过18,江苏
3,1978948387,室内系的猫,室内系的猫,江西
3,2595788223,Beyond凡凡,共同渡过18,江苏
3,5465091772,别重名了是阿秋,kimochiina,辽宁
3,5465091772,别重名了是阿秋,kimochiina,辽宁
3,5465091772,别重名了是阿秋,kimochiina,辽宁
3,5465091772,别重名了是阿秋,kimochiina,辽宁
1,1135135686,RHzhishuai,亻彳,河南
3,4542201758,闻人20,闻人20,广东
3,5432156211,海琴烟阁下,海琴烟阁下,北京
只用p就能拿钱不是要多付一点吗,1601477539,席上帷灯,席商澄,上海
3,2873373018,萌白酱啾,萌白酱哦ლ,山东
3,2902896547,Garycx的春天,Garycx的春天,安徽
3,2873373018,萌白酱啾,萌白酱哦ლ,山东
3,2598264566,xy020412,玄武道藏,云南
3,2873373018,萌白酱啾,萌白酱哦ლ,山东
3,2873373018,萌白酱啾,萌白酱哦ლ,山东
33,6487602717,DF等风工作室,白氏仙,河南
认为， 经验加三，发生了会如何，不发生又会如何。 在这种困难的抉择下，本人思来想去，寝食难安。 王阳明在不经意间这样说过，故立志者，为学之心也；为学者，立志之事也。这启发了我， 那么， 一般来讲，我们都必须务必慎重的考虑考虑。 了解清楚经验加三到底是一种怎么样的存在，是解决一切问题的关键。 在这种困难的抉择下，本人思来想去，寝食难安。 笛卡儿曾经提到过，我的努力求学没有得到别的好处，只不过是愈来愈发觉自己的无知。带着这句话，我们还要更加慎重的审视这个问题： 就我个人来说，经验加三对我的意义，不能不说非常重大。 我们都知道，只要有意义，那么就必须慎重考虑。,5664167035,落霞3775,落霞3775,湖北
那些女的屁股一扭，钱就来了，赚钱比男的快多了，赚不到，这说明你是虎式,799214257,爱追忆逝水年崋,爱追忆逝水年崋,重庆
"3
晚安、你好",6419564578,早起犯困u,跳跳糖不甜,北京
3,1584198293,天狼丶犹,什么一起努力变优秀,广东
3,1584198293,天狼丶犹,什么一起努力变优秀,广东
不是因为占不了便宜觉得吃亏了吗,2260238971,橘味麻酱,精灵魅魔,安徽
3,6583028177,注重内设非外在,⌨⌨✘⌨⌨,江苏
3,3489017392,贾斯婷的少女,贾斯婷的少女,湖南
难绷,5307715547,懵牢湿,羌族小撒,广西
3,2774350400,若汁格十,喜欢bala歌,四川
你真是把倒立玩会了，一旦戳到你的痛处你就开始倒立，用那充满智慧的邵p占据全是盈税的大脑，用倒反天罡的言论诉说自己邵13的不幸，打着独立的名号去占小便宜，不是泼妇少了，而是泼妇进城市了[表情],1797457112,我是出生9527,喜欢光速c13索尼克,河南
小仙女的逻辑有两条我印象最深，过节不送礼物就是不爱她，女生的青春比男的要珍贵，男的有两条命,578523731,龙的77,龙的77,湖南
嗯,970557168,比天空遥远遥远,落笔嫣然,吉林
这社会男人最重要的作用还是会劳动，会赚钱，会打猎，那说什么社会进步捏？还是一个吊样,6614386489,,贴吧用户_JG5CQKK,广东
3,3405716263,拯救世界424,月影枫桥缘,江苏
给她两巴掌我看她还发不发癫,6326788961,化学工业制香蕉,化学工业制香蕉,新疆
mg,3119389193,LH14493600706,LH14493600706,湖南
3,4100738230,wok这,咲绸,福建
3,3898360837,,蔡徐坤爱我,广东
3,3898360837,,蔡徐坤爱我,广东
3,3898360837,,蔡徐坤爱我,广东
3,3898360837,,蔡徐坤爱我,广东
3,3898360837,,蔡徐坤爱我,广东
习惯惹,5293986607,你的名字欧耶,你的名字欧耶,广东
🤡,3075397566,小日497,那么大鸡排Ω,广东
3,2458977333,123倍adg,泡泡茶壶,浙江
简而言之就是不想赚钱又要吸血，不愧是女厕,2307688877,,贴吧用户_7aEK7PP,江苏
3,812353618,njbianqiuping,加一勺辣油º,江苏
3,812353618,njbianqiuping,加一勺辣油º,江苏
3,812353618,njbianqiuping,加一勺辣油º,江苏
哦,2776475448,急先锋急急急,你吃榨菜吗,江苏
劈硬柴是现代人的基本修养,4579972221,takatsukineko,HoshinoAI,上海
确实逆天,2136811018,楚钦丶,嶀丶,陕西
用b换的不用A,6501526238,幻梦之匙,幻梦之匙,湖南
3,6338976468,冉冉kk789,公正🐭,山东
3,4594529462,釒鲡,吐司の幻想,山东
+3,2681379475,莱纳布朗y,兰斯xkk,江西
3,5314308383,蜈蚣37,Chame,广东
不能AA怕是只能XY了,6614449770,,贴吧用户_JGaSCbt,福建
这种想法也是顶天立地 还是找富婆好,4039932764,,久安_,福建
3,6586576272,原神玩家我来也,冥冥中有,贵州
3,6586576272,原神玩家我来也,冥冥中有,贵州
3,6586576272,原神玩家我来也,冥冥中有,贵州
这就是t0,4114835070,记住我叫九夜,牧濑红莉栖,浙江
3,2900714727,互传者,光光光光光🌞🌞,浙江
3,2900714727,互传者,光光光光光🌞🌞,浙江
3,2900714727,互传者,光光光光光🌞🌞,浙江
3,2900714727,互传者,光光光光光🌞🌞,浙江
3,5460761616,,重生之我爱玩暴雷,北京
3,5460761616,,重生之我爱玩暴雷,北京
3,5460761616,,重生之我爱玩暴雷,北京
3,5460761616,,重生之我爱玩暴雷,北京
搞快点,6337668108,李老师在打团,李老师在打团,新疆
3,2835267331,A_怪物,街边的野鬼-,福建
单走一个6,5758329019,,起飞了！！,江苏
3,1012592985,163165awd,耿郅斐丶,山东
13水反冲大脑前的最后幻想,4490241630,腻码没名字可取,这个哑巴怎么不讲话,山西
排斥AA？好解决啊，全她付不就行了还有她指的金钱获取成本天然不平等是指她两腿一张就能来钱成本很低是吗,2855611736,PYDEAIKING,超导冻咸鱼,广东
"笑死了不aa也行那ab吧
我a饭钱你ab
什么若智玩意",3785494461,123期时代,潇滤,湖南
杜小唐又发癫了,6357283986,7924ai222524,坚韧的馒头,河南
寄生虫瘾犯了,2450786358,带带赖皮蛇,带带赖皮蛇,四川
不aa也行，那就你花你的我花我的呗,276360284,syf1988107,syf1988107,上海
3,4183042185,JJaxes,JJaxes,美国
天天打拳要男女平等，aa不是很平等吗？,1458997822,愛无反顾suit,愛无反顾suit,四川
3,2345343079,,微笑面对一切🐶,新疆
说出这种浆糊话，黑哥舍她脑子里面了？,4730336391,,HAO！,四川
这女的胡说八道什么，妇女能顶半边天，它直接把女的放到弱势群体里了，这是其实！,3165968477,豆芽像成树了,豆芽长成树了,湖北
这*****的逆天言论它的脑袋是怎么琢磨出来的,1422003959,Willy_zu,追風老年人ლ,湖北
3,3939818137,,顶针方源,四川
3,3939818137,,顶针方源,四川
3,4633915114,,无敌极品少御萌妹,重庆
3333,4633915114,,无敌极品少御萌妹,重庆
3,4633915114,,无敌极品少御萌妹,重庆
3,4633915114,,无敌极品少御萌妹,重庆
是不是天生平等我不知道，天生智力确实有问题,729604154,罪恶兄弟,带魔法师梅林-,加拿大
3,5439425492,,贴吧用户_G7597yX,浙江
构思,6338248592,Gabrieeel,丝蚌汁爆饽,江苏
xhs是这样的，但周围的正常女生都是支持aa的,6432706927,zjdbxbxvd,zjdbxbxvd,河南
3,5673944477,yunsong行了,gof..k屑,广东
一直aa对于情侣来说确实太生分，不论男女真心喜欢就会为对方花钱，关键是aa不是搞性别特殊对待,4942072886,,莞心我心,湖北
女人仅有的挣钱机会也是男人让出来的，要是完全竞争关系，大家都权衡利敝，对男人来说是好事，就怕又这又那。,647896386,xzl838389,xzl838389,海南
3,6545528813,,贴吧用户_J574VCP,江西
3,6545528813,,贴吧用户_J574VCP,江西
3,6545528813,,贴吧用户_J574VCP,江西
3,1477113161,浅辰6666,陈十￴一,安徽
＋3,5413757046,lucky夜半,lucky夜半,江苏
躺着腿一叉，就顶我几个月，确实不公平,1111355706,很久没变过,爱不能太满💢,湖北
挺好,1436722652,鼠吧用户,鼠吧用户,山东
虽然女性职场我不加班，不能值夜班，每天划水刷剧下班，我要做我自己，但是社会对女性不公平,96094768,萌の戰,萌の戰,江苏
3,4600001177,Eins寻欢,陆宣,江苏
3,861663478,,   白   ,江苏
希腊奶,1544852614,冰美式味秀逗糖,你的名字我希腊奶,浙江
3,5807804173,,贴吧用户_GP7E5EP,江西
确实不平等啊，钕的有印钞机,1144862802,神威_kamui7,kamui🌌,福建
3,6552580770,,贴吧用户_J54S3V7,江西
3,1069596348,泽悲丶失静,ushioo,浙江
3,3667227518,海底菠萝猫,海底菠萝猫,江西
3,3667227518,海底菠萝猫,海底菠萝猫,江西
3,3667227518,海底菠萝猫,海底菠萝猫,江西
3,3667227518,海底菠萝猫,海底菠萝猫,江西
女人赚钱还不容易，我们这边舞厅，花点钱整个容隆个胸，放开一点sao一点，一天打底2500，晚上再去找大哥包个y，一天*****,1235701551,鸿掌门,鸿掌门,江苏
讨口子的,6547245166,Eon帆,Eon.帆,湖北
3,4680824110,华盛顿警督约翰,贴吧用户_a1ZCP49,天津
3,4680824110,华盛顿警督约翰,贴吧用户_a1ZCP49,天津
3,4680824110,华盛顿警督约翰,贴吧用户_a1ZCP49,天津
3,4680824110,华盛顿警督约翰,贴吧用户_a1ZCP49,天津
鉴定为寇都寇的,6317361138,,纯爱就是我,江苏
3,3418317819,叮当少玩手机,叮当少玩手机,河北
不AA那就CB呗,17596393635279,奖金高时代,甜甜阳阳子,广西
这时候不扯经济独立，人格独立了,1815496122,兰花锦lc,兰花锦,上海
3,3381241721,可靠的宇Cc,言叶乖，咽下去,云南
微博小红书虎扑 2个女厕所 1个男厕所，扰缠多,4112325179,姚科雷霆三少蜜,贴吧用户_5828J2N,浙江
你穷你有理,986018402,woods度百,woods度百,浙江
一边说着男女平等，一边不愿AA，，老双标狗了,1057700775,程会玩尔,乐扣喜加一,湖北
男生aa，女生ab,6541248878,沙克已干版,沙克已干版,四川
我和我对象一直都是aa……这女的喜欢白嫖还编出一套理论了，牛比啊,1649783413,baekhyun馃尮,奏明,辽宁
确实不平等，女的两腿一张男的几天的工资就搭进去了，以后应该女的来付钱,4936762522,大虾阿飞,原来我玩原神,河南
羡慕有13可卖,6584381426,sese教徒,脑部痔疮,陕西
3,5759591900,,EEEVVVEEE,浙江
蚂蟥,4112325179,姚科雷霆三少蜜,贴吧用户_5828J2N,浙江
潇穴长脑子上了，建议抹点神油长个坤，假冒男性享受男性优势，不用的时候再切了享受女性红利,5496697985,wyc20030601,百岁老奶,江苏
3,4286521059,SkT458766,八月之初四,浙江
3,6423691991,杳渺萤火,杳渺萤火,河南
又当又立捏,6533986480,kesibame,kesibame,重庆
智商的获取上也是天然不对等的,2596428972,安静的咸秋刀鱼,安静的咸秋刀鱼,河北
"事实胜于雄辩，但雌辨胜于事实，脂肪压迫了声道，大脑连接了欢乐豆，一动脑就爽死了，银地链接大脑，高朝代替思考,摘蘑菇没洗手我看是扣出幻觉了，读的书叠起来没有音醇厚，下回发言之前把紫色心情调最大档插脑子里震震，也算是说话前动了脑了",4766277490,熊傲且霸天,霸天熊,湖北
这，直接远离吧,3546082049,秋夕雨余,秋夕雨余,广东
确实不一样捏，xxn一夜赚几千块呢勤快点月入几十个w,5881148642,乃琳不许嘉然吃,七月流火丶丶丶,湖北
还不是版本t0 看着吧 慢慢和隔壁岛国一样xxn就老实了 人家欧美出去吃饭不都是aa.,1101801735,眉目亦洳婳,眉目亦洳婳,北京
这种就是纯傻，我老婆以前还不认识的时候，遇到我和朋友吃饭，经常跑去买单说请我们，我当时就觉得这个妹儿挺大方的，就经常回请，现在幸福的一匹。连aa都不a的直接爪巴,400229118,紫意傲慢,川川😂,四川
这个倒是确实，一对一出门跟男的我出钱，跟女的她出钱。三人行必不用我出钱,6592993053,完善账号信息喂,完善账号信息喂,广西
一哈,3525519409,,没有问题的啦,河南
获取异性的成本更加不对等,631546288,alesanderok,alesanderok,新加坡
一句话 菜就多练,1762043324,柚木皆守,贴吧用户_QX6P4P3,广东
这种搞出个什么理论的人，理论越“像回事儿”，就越讲越怪。无论男人还是女人，能迁就你是因为人家爱你，乐意给你花钱，花钱心里爽，不是因为你给ta讲的理论,4415783920,败兴2046,败兴2046,吉林
逆天，女的赚钱比男的付出更多怎么来的？你要说已婚的也就算了，***未婚的凭什么？,793666499,mylove3743,坚锅锅👀,浙江
确实应该这样，不过我原生家庭有问题，我赚钱难度更高一点是不是该女生请我,4960059932,,贴吧用户_ab84S63,山东
3,5086843211,hzh18620404216,3.14π,湖北
我不理解我可是很希望自己是女的，身边的女的挣钱真的比男的容易，比如我女朋友因为长得好看，找工作基本没失败过，还是挺大的公司，拜访客户基本也比我容易，去单位拜访保安都不拦，我弟的主播公司，我介绍了个长相一般的朋友过去，人家也发财了，包括走仕途，没有背景的，我身边女性都怕的更高，可能只是我身边,266091496,找回该找回的丶,找回该找回的丶,广西
噢 原来资源掠夺就是让对方请客啊,1350081317,洛环之理,玩原神被藤训抓走,北京
3,2044431096,卡哇伊的sky,卡哇伊的sky,山东
逆，后面忘了,4586405895,奶黄包大王,奶黄包大王,江苏
收入确实不平等，随便找个👻难，结完离，一年就整二十几万，👻男累死累活还得上供给xxn,2931310719,复合弓干啥子,壹太天下无双,河南
3,6528124404,,咸鱼骑马嘉祺,安徽
你问你爸当初追你妈a不a就完事了,1945071763,秦殃阿,芙宝🌧,广西
这种直接举报让他下架,995756048,3dm好顶赞,好好好啊对对对,江苏
纯纯挠缠发言,1458014657,批泼亮魔法披风,碎了碎了,江苏
寄生虫思维是这样的,1481869148,北极熊暧打喷嚏,北极熊暧打喷嚏,福建
3,2588652743,哈哈哈哈解决8,绯村萌新,浙江
+3,1613282794,可爱阿金儿,温静-,辽宁
dd,1613282794,可爱阿金儿,温静-,辽宁
其实如果真的是与工资占比相同我倒是完全能接受，就怕她们连这个都不肯,4124673942,TXWBOTTFF,TXWBOTTFF,上海
啥，比,4627484981,lzcnmdsbwrnm,贴吧用户_a4D5X4V,重庆
3,2471994156,,呆瓜戴,湖南
不是，菜就多练👐，活不起就别活👐，自己赚不到钱还让别人保养，你怎么不去死呢👐,2079278761,王辰JACK,多吃西瓜🐦,江苏
乐,1318270977,,你说得对但是我不承认,江西
额,6463973391,,永远相信gala8,河南
3,3898298986,班尼路大师,班尼路大师,内蒙古
3,2997262278,00我爱多啦A梦,呆呆瑶_,山东
作为男同也被女的这样恶心过，就是吊着直男那样吊着你，认识的女同都可以从直男那里要东西，顺直男能不能硬气一点渴p搞乱环境,6549650619,男的不能上桌,上桌吃饭的女人,福建
天生吸血鬼,4111872174,,表演型人格障碍,重庆
比别人多个13，金钱的获取成本当然不平等，卖完还能卖,4194597422,,寒_,上海
鉴定为：为自己挣钱能力的无能找借口罢了,4989925887,,撤硕霉食家,重庆
11,1415805917,夜的暗心的孤,你可爱的敌人♂,浙江
这100斤铁肯定比100斤棉花重啊 没毛病,1555438145,11max_,贴吧用户_Q91UJWQ,广东
我的评价是资本家在扒皮的时候可不看男女,1697735134,,贴吧用户_QWb7E9y,广东
+3,2750329174,,贴吧用户_72yDUtM,河北
紫色心情漏电了?,950084077,橘橘橘子7,橘橘橘子7,广西
双腿一开就有钱赚钱不比男的容易,6419477461,蜀绣岚,蜀绣岚,山东
又当又立,5471673438,,奇锐俊,江西
